time_hr,absorbed_mg,fraction_absorbed,excreted_mg,cp_mg_l,stomach_undissolved_mg,stomach_dissolved_mg,duodenum_undissolved_mg,duodenum_dissolved_mg,jejunum_undissolved_mg,jejunum_dissolved_mg,ileum_undissolved_mg,ileum_dissolved_mg,colon_undissolved_mg,colon_dissolved_mg
0.0,0.0,0.0,0.0,0.0,100.00000000000001,0.0,0.0,0.0,0.0,0.0,0.0,0.0,0.0,0.0
0.024,0.7881659404087267,0.007881659404087266,2.1969137103207916e-09,0.06541804594473087,88.38604093751354,2.4428848864116084,0.3348637301390801,7.6782850672808705,0.0003711726949486606,0.3674361062147001,6.854839112671107e-08,0.0019441770421637034,1.828176877533917e-11,7.911530989376516e-06
0.0481,2.9872818314245473,0.029872818314245472,5.82528668788445e-08,0.24690128659886146,80.04377259447999,2.4551650688009694,0.3750352579948797,12.958326410307139,0.00041616866956863206,1.1676945273023174,8.206888634272355e-08,0.012207155993350106,1.114626467751251e-11,0.00010084469547748463
0.0721,6.261214750684084,0.06261214750684084,3.671788032673114e-07,0.5152204205434412,72.47940629455258,2.4534926011551694,0.3856820049992412,16.295794819693306,0.0004284340414260822,2.09119408064548,7.962354534993e-08,0.032379452307094214,1.7853397817435124e-11,0.0004071151028486665
0.0962,10.31003507857419,0.1031003507857419,1.2867277075389875e-06,0.8444969022052559,65.60911323308329,2.4516339226159234,0.37833060359713483,18.222701304763685,0.00042068922917822324,2.9663205827701513,7.452443733214135e-08,0.06041600611723136,1.7614718634945833e-11,0.0010272179797099841
0.1202,14.880589461386409,0.1488058946138641,3.271839368972474e-06,1.2130362830891859,59.369168815943205,2.449676733316088,0.3602803166181455,19.137080572877462,0.0004007838036438185,3.70775470307139,6.917910981750773e-08,0.09304075495676233,1.7222384972039024e-11,0.002004516990923759
0.1443,19.76559735152033,0.1976559735152033,6.796898366701642e-06,1.603203024326067,53.70178240741868,2.447610961724899,0.33649765155423167,19.335253311327588,0.00037404456072738583,4.282563836207637,7.043122790465706e-08,0.12698718687880456,1.3518329066725339e-11,0.0033263814631596124
0.1683,24.7998606765933,0.24799860676593302,1.2289305483594476e-05,2.0010578547885998,48.55446751062677,2.4454233432166057,0.3098709030459068,19.03733248372245,0.0003444867688286293,4.688192879652818,6.542335514727302e-08,0.15955753433995723,1.1364062909029495e-11,0.004937827292104394
0.1924,29.855140940073788,0.2985514094007379,2.0083990975495606e-05,2.395889174164455,43.87955565791735,2.4430973760028505,0.2818863965479324,18.40599269983953,0.00031340511861668787,4.938434279299186,5.940683508170666e-08,0.18880096935710966,1.0660800785289656e-11,0.006758132433798273
0.2164,34.83460746450606,0.34834607464506057,3.039937378379049e-05,2.779714591945386,39.633756102013585,2.4406120618400142,0.2533077944885855,17.560517965009396,0.0002819841978776753,5.05469662654161,5.016812281877164e-08,0.21349370594035635,1.0083691878740551e-11,0.00869584590889834
0.2405,39.667428302353294,0.3966742830235329,4.333120242311168e-05,3.146800278153553,35.7777567651396,2.4379398852921654,0.2246203834562578,16.587509038903484,0.0002501426745596384,5.060762876436549,4.378170831998224e-08,0.23302882674015027,8.407557351893998e-12,0.010660404009818436
0.2645,44.303831599139045,0.44303831599139043,5.8859429962891625e-05,3.4932250472086666,32.27586338807312,2.435043375643806,0.1962404922211312,15.549094701193388,0.00021853557399586487,4.979802030356084,4.446450515792464e-08,0.24727692109608418,6.414366210991552e-12,0.01257005277321976
0.2886,48.71078702243954,0.4871078702243954,7.686341285067704e-05,3.81650102138509,29.095675027298437,2.4318687299298256,0.16858997051258878,14.489193605159661,0.000187657700342902,4.83281486101053,3.569449539352989e-08,0.25644973980124675,5.01753912064613e-12,0.014356486958229256
0.3126,52.86834131477084,0.5286834131477084,9.714148778992683e-05,4.1152530112921015,26.20779687944632,2.428332453912089,0.14220589812783435,13.438158176214358,0.0001582874084784797,4.6379610954917645,2.9530188560880893e-08,0.2609818372343686,6.818327493967756e-12,0.01596688624748022
0.3367,56.76644342905978,0.5676644342905978,0.0001194319320111904,4.388942262296998,23.585601036136882,2.424287634902494,0.11860199484408601,12.4155999309821,0.00013211164494151105,4.410414754260113,2.3621309658637063e-08,0.2614355872556414,7.700095421062048e-12,0.01736406519297268
0.3607,60.402729212964154,0.6040272921296416,0.00014343322601621225,4.637673057907848,21.20509789671035,2.419404591193527,0.09653427094125962,11.436513752444625,0.00010748805085637029,4.162514551720521,2.2868096326463062e-08,0.25842940358384014,3.330864263919487e-12,0.018525376087775325
0.3848,63.78051240060908,0.6378051240060908,0.00016882231228738722,4.862018581051619,19.046056432385182,2.411825408624381,0.07654573289587605,10.50874732813404,8.501596297982514e-05,3.9040316112158364,2.2259761557737614e-08,0.25258635337363067,7.50488751111569e-13,0.019440880786851543
0.4088,66.90706241022396,0.6690706241022396,0.00019527014482323358,5.062872716175615,17.084321760774376,2.4056418199816982,0.05907523491991478,9.636502953709043,6.556624488038672e-05,3.6425241810699944,1.6719439214255032e-08,0.24449962582946758,6.295213743126043e-13,0.020111177963024005
0.4329,69.79238594992215,0.6979238594992215,0.00022245426500771298,5.241345316734179,15.301230660430909,2.4012939034440515,0.04445699578733535,8.821406547262828,4.9675381219956354e-05,3.3836972969520054,8.192997028195257e-09,0.2347113722772001,3.27122699809672e-12,0.020545161856941357
0.4569,72.44828635080292,0.7244828635080292,0.00025006844300387755,5.398681725532665,13.682212821425205,2.3968000836589107,0.03288698325962856,8.063330198332089,3.671837304186812e-05,3.1317373907436328,7.150302300818803e-09,0.22370151699867383,2.0024183219316827e-12,0.020757894029443464
0.481,74.8876565790782,0.748876565790782,0.00027782961436681344,5.536202610016307,12.212453287815775,2.391941416962434,0.024344270522571983,7.361041677162271,2.710626272060041e-05,2.8896054737156645,6.922987544254381e-09,0.21188369660340137,2.1912790873994042e-13,0.020768695319080623
0.505,77.12396351550792,0.7712396351550792,0.0003054824464193023,5.65526035691272,10.87838588659112,2.3866289468451343,0.018497969476857203,6.71270121766126,2.0290138323147333e-05,2.659291260474197,7.2874353017394375e-09,0.19960595887346716,0.0,0.0205995108191071
0.5291,79.17088176868845,0.7917088176868845,0.0003328019124619124,5.7572083705559445,9.667707899830273,2.3807625837642097,0.01468036269752844,6.116169478122732,1.5855167816954977e-05,2.4420211983870814,6.485339291179678e-09,0.18715453395005535,0.0,0.020273562694381658
0.5531,81.042016838641,0.8104201683864101,0.000359594253862753,5.8433781336428305,8.569289246151653,2.374207072309893,0.01210290426767183,5.569008254306273,1.3490626096751063e-05,2.238429043687821,2.6177705685124356e-09,0.1747593290425705,7.778759950259766e-13,0.01981428086211978
0.5772,82.75065985214485,0.8275065985214485,0.0003856966859820615,5.9150591545384446,7.573089623633074,2.3667705300063444,0.010189775626910926,5.068350961742713,1.1455813348939002e-05,2.0486974295712814,1.7890159203600112e-09,0.16260024739430037,2.0892788808209947e-13,0.01924448696308413
0.6012,84.30957811089883,0.8430957811089883,0.0004109761657157802,5.9734821239004985,6.670100449146749,2.3581677568042907,0.008655521062040565,4.611006221546106,9.77512325571393e-06,1.8726716588273156,1.8161186677594533e-09,0.1508137940349132,4.0219583348401587e-13,0.01858580012714399
0.6253,85.73087765181809,0.8573087765181809,0.0004353274948061889,6.019808239529584,5.852330516777838,2.3479485151904536,0.007378584116173995,4.193705048309662,8.029823945765549e-06,1.7099586053896003,3.4739798891550372e-09,0.13949955563874591,0.0,0.017858231318236578
0.6493,87.02593531978361,0.8702593531978361,0.0004586709889141201,6.055124414947735,5.1128856508222285,2.3353397084791405,0.006296327601823592,3.8132691517128054,6.709539009645816e-06,1.5600022538604157,3.096580336257903e-09,0.12872634328801738,0.0,0.01707993363006133
0.6733,88.2053744940798,0.882053744940798,0.0004809499000155915,6.080442159239225,4.446310746244908,2.3188323405537155,0.0053697517706534125,3.466676990353335,5.768386790704805e-06,1.4221441718349113,1.952691472981885e-09,0.11853778307652751,0.0,0.016267077784039373
0.6974,89.27906603070379,0.8927906603070379,0.0005021277402878844,6.096698557951132,3.849996239738809,2.2947105564519115,0.00457373543494713,3.151087874993325,5.364770946746149e-06,1.29566703637806,5.282304522848274e-10,0.10895728729038603,3.3216455414896894e-13,0.01543382475400208
0.7214,90.25614432586167,0.9025614432586166,0.0005221856203761796,6.104758494090505,3.3383063723835664,2.242864805626166,0.003909609764630091,2.8638348981176565,4.344874646659333e-06,1.1798288054557142,8.402419774865047e-10,0.09999235256214976,1.0468291305296157e-13,0.014592370869314279
0.7455,91.14503365013779,0.9114503365013779,0.000541119684480676,6.10541769393214,2.8900863877310212,2.179231441649754,0.0033437528790509707,2.602485734848379,3.55979136851062e-06,1.073883164199755,1.7115518594905053e-09,0.09163821843963735,0.0,0.01375304447813115
0.7695,91.95349492416285,0.9195349492416285,0.0005589386992786622,6.099407428367989,2.467518285318056,2.136888645709221,0.002825803579288825,2.364806526426862,3.1574885376176396e-06,0.9770984442714676,7.240017717078866e-10,0.08388091540558937,1.7130047926515133e-13,0.01292443701256578
0.7936,92.68865398049324,0.9268865398049324,0.0005756618330370935,6.087397623487946,2.07790173140194,2.1042316246124955,0.0023585973897522496,2.1486939199033834,2.681702229649518e-06,0.8887685709484906,3.925321914543507e-10,0.07669975852915735,1.8325971544606126e-13,0.012113554584966922
0.8176,93.35704012507438,0.9335704012507438,0.0005913166448480054,6.070000789020785,1.7234127686676488,2.0751740351243324,0.0019406852556967048,1.952223860125811,2.2625186224645107e-06,0.8082196676009206,2.933098936095893e-10,0.07006938374396374,1.6758019343205987e-14,0.011325979421264662
0.8417,93.96462802046462,0.9396462802046461,0.0006059372915750851,6.0477761738695195,1.404031854456647,2.0461837359169825,0.0015692008869812911,1.7736365982702582,1.7976378481772565e-06,0.7348155386603946,3.813624218114018e-10,0.06396136973705088,5.86881622383131e-14,0.010566033206256632
0.8657,94.51687827364368,0.9451687827364368,0.0006195629509659715,6.021233764582207,1.119044753457072,2.014749005888894,0.0012454716311729543,1.6113195507479579,1.2008216008211483e-06,0.6679598135052786,6.823182396365764e-10,0.058345519277293575,0.0,0.009836936531622431
0.8898,95.01877593337858,0.9501877593337857,0.0006322364528512144,5.990838063040097,0.8679790859976484,1.978412123153494,0.0009664292852398678,1.4638052862555353,6.321225168642358e-07,0.607096549773803,5.437119867034226e-10,0.05319085378326854,0.0,0.009140960407845237
0.9138,95.47487017575132,0.9547487017575133,0.0006440031059388239,5.957011917225323,0.6515937153163728,1.9337528447022443,0.0007257483609186005,1.329757336718404,6.94788392095613e-07,0.5517096381910348,2.0468698318448006e-10,0.04846636863013327,0.0,0.008479567221307521
0.9379,95.88930792604604,0.9588930792604604,0.0006549097049648345,5.920139803738004,0.4741265204868019,1.8741159888039094,0.0005281642141306358,1.2079473684526199,8.602281623133926e-07,0.5013232208628106,0.0,0.044141596294707625,6.650065738819383e-14,0.007853539589159271
0.9619,96.26586541183855,0.9626586541183855,0.000665003701483936,5.88057089981989,0.3593282880889643,1.7735551588405596,0.00039950735067517576,1.097236965005126,4.5394880046671865e-07,0.4554991895222693,8.506792081037159e-11,0.04018701426442772,3.7824071063780984e-14,0.007263096418355075
0.986,96.60797625296821,0.9660797625296822,0.0006743325211176448,5.838621832480677,0.30519912526096493,1.632075998661444,0.00033933014806279693,0.9966185268156241,4.571993946144922e-07,0.4138337374801568,1.6349735517246205e-11,0.036574333464670185,7.843626464618896e-15,0.0067079961317927875
1.01,96.91877641037716,0.9691877641037716,0.0006829430103446237,5.79458079130877,0.253938457166815,1.505667728146025,0.000282615338583496,0.9052292459849232,2.0915537384410399e-07,0.37595816913998603,8.47166372346675e-11,0.033276686270355044,0.0,0.0061876274526020585
1.0341,97.20112297811038,0.9720112297811038,0.0006908809965803223,5.748709422682837,0.2061243028476596,1.3921070940033389,0.0002297899219117788,0.8222218358738986,0.0,0.3415334143463412,1.2831475675442398e-10,0.030268731776605634,0.0,0.0057010883160138175
1.0581,97.4576143471519,0.974576143471519,0.0006981909461486672,5.701244818257355,0.16222005729831918,1.2894363526421566,0.00018070391344710585,0.7468274318972028,1.328819975664031e-07,0.3102489232213864,3.570662081247979e-11,0.027526701009648102,0.0,0.005247253657553634
1.0822,97.69061309893613,0.9769061309893613,0.000704915705964874,5.652401704648934,0.1226122902935733,1.1959116335095168,0.0001363199400440259,0.6783467066302095,2.386226464553383e-07,0.2818216541549511,0.0,0.02502840485584473,5.5875497679655615e-15,0.004824833122061179
1.1062,97.90226701189563,0.9790226701189563,0.0007110963161806627,5.602374450655904,0.0876548110685765,1.10994630565324,9.74894146607629e-05,0.6161445829086822,1.6076995735513202e-07,0.2559930055511494,0.0,0.022753213414454652,3.709013983764661e-15,0.004432419758987232
1.1303,98.09452829105248,0.9809452829105249,0.0007167718824337784,5.551338903304323,0.057731084791591954,1.0300371451821662,6.464264056437488e-05,0.5596446452449705,3.564099261138176e-08,0.23252693761993568,2.0784339133599323e-11,0.02068201284939655,0.0,0.004068530719137169
1.1543,98.26917113745907,0.9826917113745907,0.0007219794976614772,5.4994540644401555,0.03337185396274375,0.9546363447763448,3.777645951049618e-05,0.5083238138032871,0.0,0.21120840679602315,2.002136029777234e-11,0.018797146301967962,0.0,0.0037316409094390788
1.1784,98.42780776116608,0.9842780776116608,0.0007267542046729683,5.446863618360428,0.015593438947413376,0.8818037950196126,1.760995645671843e-05,0.46170637454664554,0.0,0.19184181132501413,6.339195816228146e-12,0.017082344005117614,0.0,0.003420210497212551
1.2024,98.57190279467848,0.9857190279467848,0.0007311289918199269,5.393697308667151,0.008410091780414304,0.8066861762054517,1.0032921744856404e-05,0.4193553527525831,1.396134914092213e-08,0.17424916098947318,0.0,0.015522646742212392,0.0,0.003132707084412394
1.2265,98.70278668878073,0.9870278668878073,0.0007351348151543296,5.3400722146167405,0.007199050357298684,0.7331441342851667,7.609398521273342e-06,0.3808869204378996,2.24043953851333e-08,0.15826859606987312,0.0,0.014104326305537637,6.33070660603983e-16,0.0028676233048811617
1.2505,98.82166996144932,0.9882166996144932,0.0007388006414176816,5.286094082529263,0.006105088188634741,0.6663406738327553,6.64629516433624e-06,0.34594773351033326,1.2679716113736972e-08,0.14375289830240198,8.312687288414527e-13,0.012814803844536083,1.0545756244874898e-16,0.0026234905151995337
1.2745,98.9296526266452,0.9892965262664519,0.0007421535070402412,5.23185824209323,0.005120925940777792,0.6056543364517586,5.943129529639396e-06,0.31421457611809844,4.6618298488144725e-09,0.1305680888080521,6.096337702396957e-13,0.011642567659815927,0.0,0.002398889161966855
1.2986,99.02773396149392,0.9902773396149392,0.0007452185890659377,5.177450539938669,0.0042396634930258175,0.5505209465363751,4.8712253279577615e-06,0.2853935598156729,3.884454947876054e-09,0.11859233965627039,3.097031996577819e-12,0.010577093605258688,0.0,0.0021924563524839905
1.3226,99.11682169953562,0.9911682169953562,0.0007480192845956927,5.12294821442831,0.0034548154784020874,0.500428287505557,3.803662353288497e-06,0.2592169185282044,6.965396976097833e-09,0.1077149056611828,0.0,0.009608769261877844,1.1842215119883164e-16,0.002002891110719386
1.3467,99.19774039583551,0.9919774039583551,0.0007505772959407785,5.068420691397209,0.002760348876755437,0.45491126097183715,2.842886621363982e-06,0.23544176733480154,7.378395967292048e-09,0.09783513873530379,0.0,0.008728822076664203,6.412759142952094e-17,0.0018289577330640992
1.3707,99.27123903671293,0.9927123903671293,0.0007529127191900915,5.013930307814996,0.0021507288476189652,0.4135474781789234,2.170102680771695e-06,0.213847473801575,5.837798078464061e-09,0.08886157555817659,0.0,0.00792925170655512,1.6530746052683068e-16,0.0016694875974774782
1.3948,99.33799795641832,0.9933799795641832,0.0007550441343313191,4.959532969395783,0.0016209831282734191,0.3759532329832514,1.844062322252036e-06,0.19423379540061783,2.0488610490412346e-09,0.08071111836259826,2.3666826505639466e-13,0.007202766562446805,0.0,0.0015233797265862851
1.4188,99.39863512288525,0.9939863512288525,0.000756988695436107,4.905278748090322,0.0011668044194599247,0.3417798002627435,1.3749803813060212e-06,0.17641943561882492,8.317971738539315e-10,0.0733082718113056,0.0,0.006542724571629194,0.0,0.0013896003593302645
1.4429,99.45371185340402,0.9945371185340401,0.0007587622197322544,4.851212425220253,0.000784732197418657,0.31070998498505,1.019364715774747e-06,0.16023905004769193,2.53573837246586e-10,0.0665844635862588,0.0,0.005943078096479824,0.0,0.0012671817459844843
1.4669,99.50373800297714,0.9950373800297715,0.0007603792746494053,4.797373984444955,0.00047251684604906287,0.2824547887690609,6.297522857072932e-07,0.14554286071128533,2.21528609185301e-10,0.06047740545059159,0.0,0.0053983229006922435,0.0,0.001155220346890021
1.491,99.54917669149764,0.9954917669149763,0.0007618532621451935,4.743799060642561,0.00022998268041745588,0.2567498498723569,9.13566524122678e-08,0.13219481361523647,0.0,0.054930544576520204,0.0,0.004903451050938367,0.0,0.001052874585541757
1.515,99.59044871887217,0.9959044871887217,0.0007631964998132989,4.690519357545896,6.180965997150098e-05,0.23335021183183902,1.286872848617454e-07,0.12007045550176959,0.0,0.04989268241813509,0.0,0.004453910831910418,0.0,0.000959362306851612
1.5391,99.62793594342668,0.9962793594342668,0.0007644202984273628,4.637562974637336,0.0,0.21200605222463287,0.0,0.10905918770280541,0.0,0.04531664702889892,0.0,0.004045555012714167,0.0,0.0008739579517889749
1.5631,99.66198598544861,0.9966198598544861,0.0007655350446052981,4.584954845175509,0.0,0.1925625596895777,0.0,0.09905675461320221,0.0,0.041160326273561476,0.0,0.0036746132889449255,0.0,0.0007959892874419144
1.5872,99.69291327338314,0.9969291327338314,0.0007665502379829037,4.532716841664893,0.0,0.17490236887353316,0.0,0.0899718150726667,0.0,0.037385250551129956,0.0,0.003337669872739065,0.0,0.0007248356547576468
1.6112,99.72100361419902,0.9972100361419902,0.0007674745859708628,4.480868205900696,0.0,0.1588622490168162,0.0,0.08172036581473967,0.0,0.03395651771333464,0.0,0.00303161857305849,0.0,0.0006599237430070299
1.6353,99.74651847526934,0.9974651847526934,0.0007683160954977462,4.4294259564659155,0.0,0.1442928706498817,0.0,0.07422555833650842,0.0,0.030842202129952673,0.0,0.0027536172325324237,0.0,0.0006007239322281532
1.6593,99.76969554893185,0.9976969554893185,0.0007690821004671672,4.37840494172058,0.0,0.13105848525153702,0.0,0.06741753900296764,0.0,0.028013279580865226,0.0,0.0025010808511827147,0.0,0.0005467479270705423
1.6834,99.79074602727418,0.9979074602727418,0.0007697792053849413,4.327817580942529,0.0,0.11903848253865557,0.0,0.06123425454391172,0.0,0.025443959007628345,0.0,0.00227171013565049,0.0,0.0004975509405284796
1.7074,99.8098639073956,0.9980986390739559,0.0007704134973420439,4.277674746649846,0.0,0.1081220725283867,0.0,0.055618703719500784,0.0,0.023110551651047053,0.0,0.0020633930100634025,0.0,0.00045272184400159366
1.7315,99.82722784462413,0.9982722784462413,0.0007709905899445901,4.227985940282514,0.0,0.0982072268027904,0.0,0.05051839097435195,0.0,0.020991244765752256,0.0,0.0018741848898930157,0.0,0.0004118809990664079
1.7555,99.84300110228271,0.9984300110228271,0.0007715156247751407,4.178759287284829,0.0,0.08920070739934673,0.0,0.045885342045640334,0.0,0.01906610723451276,0.0,0.0017023090660311573,0.0,0.00037467999291268224
1.7796,99.8573293904226,0.9985732939042261,0.0007719932486576376,4.130001330529882,0.0,0.08101930369951915,0.0,0.0416767498225459,0.0,0.0173173476476786,0.0,0.001546178113033944,0.0,0.0003408006918859761
1.8036,99.87034282122417,0.9987034282122417,0.0007724276433862764,4.081717216299173,0.0,0.07358871362759625,0.0,0.03785439162601069,0.0,0.015729080418083068,0.0,0.001404374136020007,0.0,0.0003099549706666254
1.8277,99.88216153466838,0.9988216153466838,0.0007728226716848547,4.033911226529308,0.0,0.06684032988294619,0.0,0.03438297293591902,0.0,0.01428663866466514,0.0,0.0012755882365567779,0.0,0.00028187658577074676
1.8517,99.89289608782555,0.9989289608782554,0.0007731818916260161,3.9865868153936965,0.0,0.060711017862611315,0.0,0.031230014083455965,0.0,0.012976525819671856,0.0,0.0011586160762466335,0.0,0.0002563200867641927
1.8758,99.90264740027082,0.9990264740027083,0.0007735085571332617,3.9397466039032594,0.0,0.055143146903932565,0.0,0.028365866634308755,0.0,0.011786422228187161,0.0,0.0010523583930518198,0.0,0.00023306065849719402
1.8998,99.91150527853786,0.9991150527853786,0.0007738055911461127,3.893392238807621,0.0,0.05008543358307628,0.0,0.0257641496193455,0.0,0.010705365001505674,0.0,0.000955836473753937,0.0,0.00021189483924503855
1.9238,99.91955017957916,0.9991955017957916,0.0007740756239959576,3.8475245600311276,0.0,0.04549193404079722,0.0,0.023401228942597264,0.0,0.009723533089318753,0.0,0.0008681734892325573,0.0,0.00019263888082429842
1.9479,99.92685646346649,0.999268564634665,0.0007743210873214036,3.802143907153726,0.0,0.041320186076782145,0.0,0.021255261227123304,0.0,0.00883184977446961,0.0,0.0007885591385348078,0.0,0.0001751228752022483
1.9719,99.93349255074004,0.9993349255074004,0.0007745442198623969,3.7572501340881392,0.0,0.03753111931280422,0.0,0.01930614776787394,0.0,0.00802196339782654,0.0,0.0007162478914070878,0.0,0.00015919031611282827
1.996,99.93952087734723,0.9993952087734723,0.0007747470672183916,3.7128426045642127,0.0,0.03408908096166662,0.0,0.01753554788405277,0.0,0.007286252881885503,0.0,0.0006505594551289501,0.0,0.00014469804873547582
2.02,99.94499688844124,0.9994499688844124,0.0007749314586520043,3.668920095793555,0.0,0.030962410733784092,0.0,0.015927175303948247,0.0,0.006617950766776863,0.0,0.0005908895828022642,0.0,0.00013151735872124948
2.0441,99.94997027437219,0.9994997027437219,0.000775099038313703,3.6254809156675827,0.0,0.02812273472781083,0.0,0.014466434300497984,0.0,0.00601099215501556,0.0,0.0005366967584109466,0.0,0.00011953229367811486
2.0681,99.95448699493197,0.9995448699493197,0.0007752513270704175,3.582523092359196,0.0,0.025543809293170017,0.0,0.013139824887356082,0.0,0.005459767477436118,0.0,0.0004874801428969909,0.0,0.00010863558601579015
2.0922,99.9585893644689,0.9995858936446891,0.0007753897256247919,3.5400443821646435,0.0,0.02320147243191852,0.0,0.011934917860548691,0.0,0.004959112106400124,0.0,0.0004427786355946331,0.0,9.87284169214975e-05
2.1162,99.96231603375443,0.9996231603375443,0.0007755155143443569,3.4980422675964005,0.0,0.02107365416958202,0.0,0.010840360152761923,0.0,0.004504308582173005,0.0,0.00040217106759590305,0.0,8.972040501642429e-05
2.1403,99.9657013543483,0.999657013543483,0.0007756298367601749,3.4565138962624347,0.0,0.019140739701556584,0.0,0.009846061813171506,0.0,0.004091164330443277,0.0,0.0003652830930198082,0.0,8.153052266017478e-05
2.1643,99.96877596188361,0.999687759618836,0.0007757337151845933,3.4154561363012745,0.0,0.017385236179199667,0.0,0.00894302444624339,0.0,0.0037159403611153755,0.0,0.00033178086514255606,0.0,7.408619540846386e-05
2.1884,99.97156820312901,0.9997156820312901,0.0007758280955187285,3.3748657090137453,0.0,0.01579095770223507,0.0,0.008122921933312384,0.0,0.003375177025296914,0.0,0.00030135548585757466,0.0,6.732027468380927e-05
2.2124,99.9741042174452,0.999741042174452,0.000775913850140665,3.3347391962560717,0.0,0.014342978810257364,0.0,0.007378076522475067,0.0,0.0030656840797125212,0.0,0.0002737221144595301,0.0,6.117082366110317e-05
2.2365,99.97640793600398,0.9997640793600397,0.000775991777938368,3.2950730402983024,0.0,0.013027634931495117,0.0,0.006701459061023649,0.0,0.0027845407838409278,0.0,0.0002486199759086215,0.0,5.558111172493554e-05
2.2605,99.97850076509317,0.9997850076509317,0.0007760625956348235,3.2558635128611795,0.0,0.011832703309002542,0.0,0.006086782108054323,0.0,0.00252913460670153,0.0,0.00022581580607727544,0.0,5.050012726547646e-05
2.2846,99.98040157265879,0.999804015726588,0.0007761269366417686,3.2171067144433985,0.0,0.010747410654825776,0.0,0.005528503849412508,0.0,0.0022971628469606697,0.0,0.0002051040023822238,0.0,4.5882696895497844e-05
2.3086,99.98212778032463,0.9998212778032464,0.0007761853857476648,3.178798674998232,0.0,0.009761809509824249,0.0,0.0050215072713929885,0.0,0.0020864993111696373,0.0,0.00018629472457526024,0.0,4.16871185720986e-05
2.3327,99.98369549758938,0.9998369549758938,0.0007762384837176208,3.140935365914482,0.0,0.008866701620827963,0.0,0.004561060752117999,0.0,0.0018951779404135405,0.0,0.00016921243097393104,0.0,3.787482847396285e-05
2.3567,99.98511952182666,0.9998511952182666,0.0007762867272933927,3.103512700016482,0.0,0.008053637940637485,0.0,0.004142818061537223,0.0,0.0017213928103113052,0.0,0.00015369587846153536,0.0,3.4410401001360004e-05
2.3808,99.98641326535947,0.9998641326535948,0.0007763305671794958,3.06652652398807,0.0,0.0073149602917634855,0.0,0.0037628397993446226,0.0,0.0015635070423475885,0.0,0.00013959891695486252,0.0,3.126166884564498e-05
2.4048,99.98758843167025,0.9998758843167025,0.0007763703978602779,3.0299725879013084,0.0,0.006643986286113137,0.0,0.0034176885252676435,0.0,0.0014200923365472419,0.0,0.00012679401795545652,0.0,2.840041192084159e-05
2.4289,99.98865566095505,0.9998865566095505,0.0007764065780027816,2.9938466049952996,0.0,0.0060346406495670624,0.0,0.003104239097029577,0.0,0.0012898501552267385,0.0,0.00011516523989548846,0.0,2.5800971142608144e-05
2.4529,99.98962483232009,0.9998962483232009,0.0007764394406042151,2.95814427815888,0.0,0.005481282670302351,0.0,0.0028195899119494734,0.0,0.0011715748438016343,0.0,0.0001046049345333321,0.0,2.3439524630457506e-05
2.477,99.99050506448037,0.9999050506448037,0.0007764692930191938,2.9228612999818115,0.0,0.004978705800079932,0.0,0.0025610627019076277,0.0,0.0010641535456283064,0.0,9.501373933600623e-05,0.0,2.129408555963307e-05
2.501,99.99130471540005,0.9999130471540005,0.0007764964169602596,2.887993352647328,0.0,0.0045221378603720365,0.0,0.002326202639484654,0.0,0.0009665662461881094,0.0,8.630058140953306e-05,0.0,1.934450144013255e-05
2.5251,99.99203123332717,0.9999203123332717,0.0007765210639083241,2.8535360927900673,0.0,0.0041073261245182565,0.0,0.0021128221076235254,0.0,0.0008779039624228958,0.0,7.838430117359671e-05,0.0,1.757275909053075e-05
2.5491,99.992691104193,0.99992691104193,0.000776543453183839,2.8194851477315392,0.0,0.003730567342286149,0.0,0.0019190161426590976,0.0,0.0007973751582698398,0.0,7.119422545618352e-05,0.0,1.5963131046934364e-05
2.5731,99.9932903261331,0.9999329032613311,0.00077656378756955,2.785836157208301,0.0,0.0033884367762589207,0.0,0.001743023048131613,0.0,0.0007242478264654977,0.0,6.46649962821442e-05,0.0,1.450107808100151e-05
2.5972,99.99383447174971,0.9999383447174971,0.0007765822554469276,2.7525847783347945,0.0,0.003077752653697391,0.0,0.001583206109243625,0.0,0.0006578418910507794,0.0,5.8735892427651484e-05,0.0,1.3173094324684234e-05
2.6212,99.99432868811164,0.9999432868811163,0.0007765990307961659,2.719726685603351,0.0,0.002795576166539994,0.0,0.0014380535928599923,0.0,0.0005975292073709482,0.0,5.3350829420200045e-05,0.0,1.1966707270228477e-05
2.6453,99.99477769597242,0.9999477769597241,0.0007766142731785231,2.687257570697098,0.0,0.0025392119184661135,0.0,0.0013061789775186087,0.0,0.0005427336576845655,0.0,4.845836807332535e-05,0.0,1.0870478562739088e-05
2.6693,99.99518567336864,0.9999518567336864,0.0007766281240198709,2.6551731303472486,0.0,0.002306274400754065,0.0,0.0011863551496894243,0.0,0.0004929453609422296,0.0,4.401298319510725e-05,0.0,9.87425865589957e-06
2.6934,99.99555622871135,0.9999555622871135,0.0007766407055928002,2.623469065479953,0.0,0.0020947033493356336,0.0,0.0010775223029084015,0.0,0.0004477239544511678,0.0,3.997535663252001e-05,0.0,8.969265630926131e-06
2.7174,99.99589270869136,0.9999589270869136,0.0007766521312742411,2.592141106772326,0.0,0.001902587930619181,0.0,0.0009786974980556579,0.0,0.0004066610146931959,0.0,3.630902195777916e-05,0.0,8.147357939661333e-06
2.7415,99.99619823304911,0.9999619823304912,0.0007766625067416878,2.561185017004505,0.0,0.0017281468903697773,0.0,0.0008889644520153083,0.0,0.0003693758145091535,0.0,3.2979985633330965e-05,0.0,7.400947517785302e-06
2.7655,99.99647569457464,0.9999647569457464,0.0007766719299731982,2.5305965910596515,0.0,0.0015697285537091996,0.0,0.0008074735376754671,0.0,0.00033551532309890423,0.0,2.995672701185237e-05,0.0,6.722999784815728e-06
2.7896,99.9967277591076,0.999967277591076,0.0007766804912473946,2.5003716559239497,0.0,0.0014258108251159322,0.0,0.000733441783928245,0.0,0.00030475420602133526,0.0,2.7210198336251023e-05,0.0,6.107033644107868e-06
2.8136,99.99695683547957,0.9999695683547957,0.0007766882721793085,2.47050606678929,0.0,0.001295018353894737,0.0,0.0006661617057651714,0.0,0.00027679849433393406,0.0,2.471415235020919e-05,0.0,5.547187803542573e-06
2.8377,99.99716495218195,0.9999716495218195,0.0007766953416073199,2.440995696492926,0.0,0.0011761929566216356,0.0,0.000605037529913619,0.0,0.0002514006369025488,0.0,2.2446486268298348e-05,0.0,5.038512626590328e-06
2.8617,99.9973539418288,0.999973539418288,0.0007767017617067712,2.411836451888853,0.0,0.001068288286608361,0.0,0.0005495310121992044,0.0,0.00022833698656525014,0.0,2.0387231587373085e-05,0.0,4.576538413702766e-06
2.8858,99.99752552370337,0.9999752552370338,0.0007767075908014497,2.3830242785726563,0.0,0.0009703227039196225,0.0,0.000499137193802446,0.0,0.00020739772662790892,0.0,1.8517654666166437e-05,0.0,4.157072701343186e-06
2.9098,99.99768130386771,0.999976813038677,0.0007767128833677031,2.3545551608742223,0.0,0.0008813792127837027,0.0,0.0004533843690636211,0.0,0.0001883868574877811,0.0,1.6820255531021105e-05,0.0,3.776199945041435e-06
2.9339,99.99782277516275,0.9999782277516275,0.0007767176900344383,2.3264251218577363,0.0,0.0008006054615924509,0.0,0.00041183408548276244,0.0,0.00017112219663350587,0.0,1.5278767875889344e-05,0.0,3.4302815193938745e-06
2.9579,99.99795131720826,0.9999795131720827,0.0007767220575831223,2.298630223321682,0.0,0.0007272137429012835,0.0,0.00037408114371965923,0.0,0.00015543537864510623,0.0,1.3878159062332963e-05,0.0,3.1159557180633953e-06
2.982,99.99806817005144,0.9999806817005144,0.0007767260280829236,2.271166561892445,0.0,0.0006604960410177067,0.0,0.0003397613381576893,0.0,0.00014117507153203518,0.0,1.2604917298856258e-05,0.0,2.8301983585698984e-06
3.006,99.9981743477606,0.9999817434776059,0.0007767296359836543,2.244030262710567,0.0,0.0005998733681612253,0.0,0.00030857683560446656,0.0,0.0001282175219186924,0.0,1.1447993180014934e-05,0.0,2.5705304514785578e-06
3.0301,99.99827076591814,0.9999827076591814,0.0007767329123780179,2.2172174904007504,0.0,0.000544822966816643,0.0,0.00028025872787655945,0.0,0.00011645099510530663,0.0,1.0397410392992649e-05,0.0,2.3347151930455825e-06
3.0541,99.99835828871684,0.9999835828871685,0.0007767358866103904,2.1907244499726373,0.0,0.0004948514204761718,0.0,0.00025455319989861364,0.0,0.00010577002776399389,0.0,9.443752568285991e-06,0.0,2.120641723835191e-06
3.0782,99.99843772897356,0.9999843772897355,0.0007767385862773873,2.1645473868114125,0.0,0.0004494946458650499,0.0,0.00023122152570432712,0.0,9.60754262772654e-05,0.0,8.578163131380527e-06,0.0,1.9263250822856634e-06
3.1022,99.99850984812903,0.9999850984812904,0.0007767410372278635,2.1386825866778048,0.0,0.0004083178929415409,0.0,0.00021004006843645015,0.0,8.727426673802737e-05,0.0,7.792345302750802e-06,0.0,1.7499062047093435e-06
3.1263,99.99857535624811,0.9999857535624811,0.0007767432635629138,2.1131263757080867,0.0,0.0003709157448969344,0.0,0.00019080028034678518,0.0,7.927989494958126e-05,0.0,7.078562097860336e-06,0.0,1.5896519252926346e-06
3.1503,99.9986349116056,0.9999863491160561,0.0007767452876224053,2.0878751202531114,0.0,0.00033691235455280403,0.0,0.0001733088244001235,0.0,7.201197695400128e-05,0.0,6.429640838729938e-06,0.0,1.4439559131460561e-06
3.1743,99.99868907699268,0.9999868907699268,0.0007767471285248078,2.062925220369253,0.0,0.0003059863932361796,0.0,0.00015740040807274606,0.0,6.540183165072849e-05,0.0,5.839449284598778e-06,0.0,1.3114424464651143e-06
3.1984,99.99873829694789,0.9999873829694789,0.0007767488013813109,2.0382731127423894,0.0,0.00027788404991158934,0.0,0.0001429444701381308,0.0,5.9395209227905193e-05,0.0,5.303143703553314e-06,0.0,1.1910236291290848e-06
3.2224,99.99878298615688,0.9999878298615689,0.000776750320282787,2.0139152744004303,0.0,0.0002523685578372171,0.0,0.0001298192170059288,0.0,5.394150293112802e-05,0.0,4.8162056355269095e-06,0.0,1.081685316979897e-06
3.2465,99.99882353909663,0.9999882353909664,0.0007767516986321017,1.9898482213867654,0.0,0.00022921468836374919,0.0,0.00011790879031790442,0.0,4.899257216847564e-05,0.0,4.374336813360396e-06,0.0,9.824629541073093e-07
3.2705,99.99886033003561,0.9999886033003561,0.0007767529491441132,1.9660685087602667,0.0,0.00020820875093437486,0.0,0.00010710326694793527,0.0,4.450274251050872e-05,0.0,3.973459162802079e-06,0.0,8.924415728489059e-07
3.2946,99.99889371303367,0.9999889371303367,0.000776754083845673,1.9425727305952882,0.0,0.0001891485930847859,0.0,9.729865900201226e-05,0.0,4.042880569026999e-05,0.0,3.6097148025077353e-06,0.0,8.107557937901004e-07
3.3186,99.99892402194207,0.9999892402194207,0.0007767551140756253,1.9193575199816646,0.0,0.00017184360044317747,0.0,8.839691381823977e-05,0.0,3.6730019603284235e-05,0.0,3.2794660440406184e-06,0.0,7.365898257641346e-07
3.3427,99.99895157040353,0.9999895157040354,0.0007767560504848075,1.8964195490247118,0.0,0.00015611469673024625,0.0,8.030591396683494e-05,0.0,3.3368108307558095e-05,0.0,2.9792953918714384e-06,0.0,6.691774658520736e-07
3.3667,99.99897664758099,0.9999897664758098,0.0007767569028928951,1.8737555275012359,0.0,0.00014179678255390023,0.0,7.294073177494992e-05,0.0,3.0307783294980042e-05,0.0,2.706052085687152e-06,0.0,6.078122962893699e-07
3.3908,99.99899947016517,0.9999899947016517,0.0007767576786691922,1.8513621968465985,0.0,0.00012876613772907982,0.0,6.623772517461701e-05,0.0,2.7522600495140685e-05,0.0,2.4573750484114197e-06,0.0,5.519636013272815e-07
3.4148,99.99902021180657,0.9999902021180657,0.0007767583837180079,1.829236339619025,0.0,0.00011692361594110206,0.0,6.014589297630179e-05,0.0,2.499136827829649e-05,0.0,2.2313721705504986e-06,0.0,5.01206237775256e-07
3.4389,99.9990390398552,0.9999903903985521,0.0007767590237279135,1.8073747752454457,0.0,0.00010617366802897636,0.0,5.4616084377496906e-05,0.0,2.269366387316706e-05,0.0,2.0262199905026993e-06,0.0,4.55130678064459e-07
3.4629,99.99905611547413,0.9999905611547413,0.0007767596041766743,1.7857743590708575,0.0,9.642427728956998e-05,0.0,4.960096568342807e-05,0.0,2.0609819539431698e-05,0.0,1.8401624600827703e-06,0.0,4.133425974700666e-07
3.487,99.99907159363939,0.9999907159363939,0.00077676013033125,1.7644319823583263,0.0,8.758695947760771e-05,0.0,4.5055020307054074e-05,0.0,1.8720922567729443e-05,0.0,1.671510944521902e-06,0.0,3.754628741112656e-07
3.511,99.99908562313996,0.9999908562313996,0.0007767606072477943,1.7433445722889853,0.0,7.957676280567226e-05,0.0,4.093454876906677e-05,0.0,1.700881527965904e-05,0.0,1.518644222467724e-06,0.0,3.411275889512536e-07
3.5351,99.99909834657792,0.9999909834657792,0.0007767610397716553,1.7225090919620352,0.0,7.231226794420391e-05,0.0,3.719766869789107e-05,0.0,1.5456095027778963e-05,0.0,1.3800084859843066e-06,0.0,3.099880257972385e-07
3.5591,99.99910990036828,0.9999910990036828,0.0007767614325373752,1.7019225403947453,0.0,6.57155880215007e-05,0.0,3.380431482968499e-05,0.0,1.4046114195607401e-05,0.0,1.254117340552159e-06,0.0,2.817106713004391e-07
3.5832,99.99912041473905,0.9999912041473905,0.0007767617899686906,1.6815819525224518,0.0,5.971236862371842e-05,0.0,3.071623900833958e-05,0.0,1.2762980197622255e-05,0.0,1.1395518050682326e-06,0.0,2.559772149560848e-07
3.6072,99.99913000636823,0.9999913000636823,0.0007767621159190963,1.6614843968276878,6.489014283376177e-09,5.423120838192267e-05,1.2716027435436806e-08,2.7884848423532742e-05,0.0,1.1594470076762246e-05,0.0,1.0350750032266375e-06,0.0,2.3251051280880898e-07
3.6313,99.99913873742437,0.9999913873742438,0.0007767624122248036,1.6416269700985537,3.7691894003824245e-08,4.922321671396647e-05,7.386311012420722e-08,2.5253064329026803e-05,0.0,1.0538115352013216e-05,0.0,9.400970351310942e-07,0.0,2.11178591225274e-07
3.6553,99.99914666391824,0.9999914666391824,0.0007767626811165083,1.6220068120076006,7.602827309570004e-08,4.4668526120829825e-05,1.4898944092696712e-07,2.2842783135744085e-05,0.0,9.581129360473358e-06,0.0,8.539058740581697e-07,0.0,1.9182035648849107e-07
3.6794,99.99915384437729,0.9999915384437729,0.0007767629248655558,1.6026210953999476,1.0522934000400308e-07,4.054536946975452e-05,2.06213674638942e-07,2.0672258082809783e-05,0.0,8.711232368400954e-06,0.0,7.757759854130105e-07,0.0,1.742718680715708e-07
3.7034,99.9991603379807,0.999991603379807,0.0007767631456529853,1.5834670250750589,1.1417957027508523e-07,3.682830220411238e-05,2.2375315714260445e-07,1.874802511378899e-05,0.0,7.918121819365652e-06,0.0,7.050098906027651e-07,0.0,1.5837583523907404e-07
3.7275,99.99916620455929,0.9999916620455929,0.0007767633455695302,1.5645418377867426,9.691672655665066e-08,3.3488202343405284e-05,1.8992392540767388e-07,1.7064902876686716e-05,0.0,7.193472334248488e-06,0.0,6.40938167036585e-07,0.0,1.439816170470119e-07
3.7515,99.99917150459557,0.9999917150459556,0.0007767635266156175,1.5458428022431523,5.263185859775715e-08,3.0492270483265243e-05,1.0314070749111879e-07,1.5605992723947904e-05,0.0,6.530935711241877e-06,0.0,5.829194481256252e-07,0.0,1.3094522234284593e-07
3.7756,99.99917629922373,0.9999917629922374,0.0007767636907013685,1.5273672191067844,0.0,2.780402979545415e-05,0.0,1.434267871245731e-05,0.0,5.926140925849577e-06,0.0,5.303404232830399e-07,0.0,1.1912930976548714e-07
3.7996,99.99918065022963,0.9999918065022964,0.0007767638396465981,1.5091124209944817,0.0,2.5383326027864114e-05,0.0,1.3234627603539697e-05,0.0,5.376694130886758e-06,0.0,4.826158379239901e-07,0.0,1.0840318774529755e-07
3.8236,99.9991846200508,0.999991846200508,0.0007767639751808154,1.4910757724774306,0.0,2.3186327504517258e-05,0.0,1.2229788862959697e-05,0.0,4.882178656479956e-06,0.0,4.3918849346563703e-07,0.0,9.864281450408916e-08
3.8477,99.99918827177645,0.9999918827177645,0.0007767640989432233,1.4732546700811628,0.0,2.1165525125565757e-05,0.0,1.1264394660921859e-05,0.0,4.444155010067077e-06,0.0,3.995292473271458e-07,0.0,8.973079805512409e-08
3.8717,99.99919166914744,0.9999919166914744,0.0007767642124827184,1.4556465422855538,0.0,1.926973236729186e-05,0.0,1.0262959872070622e-05,0.0,4.0661608763974135e-06,0.0,3.631370129296832e-07,0.0,8.155639620311474e-08
3.8958,99.99919481050092,0.9999919481050092,0.0007767643163652034,1.438248844978595,0.0,1.750250821605211e-05,0.0,9.267440272713406e-06,0.0,3.7280808622843034e-06,6.685325509732549e-10,3.2936453295311986e-07,0.0,7.408548546718341e-08
3.9198,99.99919766356804,0.9999919766356804,0.0007767644107309409,1.421059061927216,0.0,1.5897344775321788e-05,0.0,8.376634667516273e-06,0.0,3.4072324148604294e-06,0.0,3.013866508965061e-07,3.730535122601263e-12,6.728621334324972e-08
3.9439,99.99920025393459,0.9999920025393458,0.0007767644964626373,1.4040747102177986,0.0,1.4439386279880566e-05,0.0,7.57758313489658e-06,0.0,3.1070937015244085e-06,0.0,2.7488976838894647e-07,0.0,6.115834114428844e-08
3.9679,99.99920260484716,0.9999920260484716,0.0007767645743813576,1.3872933364682425,0.0,1.3115138981900057e-05,0.0,6.859409689965919e-06,0.0,2.828870556361583e-06,0.0,2.501113619997368e-07,0.0,5.558872623414936e-08
3.992,99.99920473801164,0.9999920473801164,0.0007767646452089109,1.3707125164757696,0.0,1.1912343226529755e-05,0.0,6.2128498476934855e-06,0.0,2.572586859833916e-06,0.0,2.275730019627142e-07,0.0,5.0531241702249644e-08
4.016,99.999206673405,0.99999206673405,0.0007767647095930225,1.3543298548408336,0.0,1.0819848352718603e-05,0.0,5.629866441734543e-06,0.0,2.337748121166985e-06,0.0,2.0702673637504955e-07,0.0,4.593677166066313e-08
4.0401,99.99920842936666,0.9999920842936666,0.0007767647681233561,1.3381429847289465,0.0,9.827555992715475e-06,0.0,5.103628747694236e-06,0.0,2.1231642310605686e-06,0.0,1.8829556643912276e-07,0.0,4.176168020627541e-08
4.0641,99.99921002256741,0.9999921002256741,0.0007767648213341629,1.3221495673717978,0.0,8.926263460697771e-06,0.0,4.628091605467961e-06,0.0,1.9276182303845337e-06,0.0,1.712120589634178e-07,0.0,3.7966891725882566e-08
4.0882,99.99921146816763,0.9999921146816763,0.0007767648697092843,1.3063472918811156,0.0,8.107627365902205e-06,0.0,4.1980039503991656e-06,0.0,1.7497198915367783e-06,0.0,1.556354497356875e-07,0.0,3.451699760828557e-08
4.1122,99.9992127799336,0.999992127799336,0.0007767649136873969,1.290733874878407,0.0,7.364074590051494e-06,0.0,3.808763589967338e-06,0.0,1.5880337037901967e-06,0.0,1.4144177711833518e-07,0.0,3.138003442409037e-08
4.1363,99.99921397037032,0.9999921397037032,0.0007767649536682995,1.2753070600822243,0.0,6.688699347508806e-06,0.0,3.4562431041582094e-06,0.0,1.4412349002693114e-06,0.0,1.285124584978194e-07,0.0,2.8527183454025674e-08
4.1603,99.9992150507656,0.999992150507656,0.000776764990012793,1.2600646182286976,0.0,6.075266889510239e-06,0.0,3.1368463127350205e-06,0.0,1.3079966019781999e-06,0.0,1.1674301282191215e-07,0.0,2.5932541477212368e-08
4.1844,99.99921603134901,0.99999216031349,0.0007767650230488658,1.2450043465725609,0.0,5.5181116533059555e-06,0.0,2.8473689134104483e-06,0.0,1.1870792582640623e-06,0.0,1.0603636758793657e-07,0.0,2.3572712815317194e-08
4.2084,99.99921692144186,0.9999921692144186,0.0007767650530773652,1.2301240684807075,0.0,5.012048403044359e-06,0.0,2.5848798621382616e-06,0.0,1.0773922174580245e-06,0.0,9.629920329637118e-08,0.0,2.1426335884067796e-08
4.2325,99.99921772947435,0.9999921772947435,0.0007767650803711851,1.2154216333200425,0.0,4.552379354311406e-06,0.0,2.3467753315908217e-06,0.0,9.77910667907337e-07,0.0,8.744678605701578e-08,0.0,1.9474081373707134e-08
4.2565,99.999218463017,0.99999218463017,0.0007767651051760517,1.2008949162701192,0.0,4.134877869745609e-06,0.0,2.13077354518286e-06,0.0,8.876659629826047e-07,0.0,7.940276668071947e-08,0.0,1.7698613640152447e-08
4.2806,99.9992191289792,0.9999921912897921,0.0007767651277174511,1.1865418176754223,0.0,3.7556747958372557e-06,0.0,1.9347842765564907e-06,0.0,8.05795531944999e-07,0.0,7.209536210499286e-08,0.0,1.608403781834175e-08
4.3046,99.99921973366199,0.9999921973366199,0.0007767651482019311,1.172360262843648,0.0,3.411234623328227e-06,0.0,1.7568993199294758e-06,0.0,7.31522754986077e-07,0.0,6.54582683711057e-08,0.0,1.4615772939027414e-08
4.3287,99.99922028273957,0.9999922028273958,0.0007767651668161789,1.1583482019338927,0.0,3.098366608615887e-06,0.0,1.5954226331374638e-06,0.0,6.641334840168816e-07,0.0,5.9431134017259766e-08,0.0,1.3280667025462078e-08
4.3527,99.99922078128051,0.9999922078128052,0.0007767651837279053,1.144503609821146,0.0,2.8142115315041084e-06,0.0,1.4488530932748976e-06,0.0,6.02986220282747e-07,0.0,5.395890394347139e-08,0.0,1.2066924858112369e-08
4.3768,99.99922123394904,0.9999922123394904,0.0007767651990918098,1.130824485240978,0.0,2.5561363978204672e-06,0.0,1.3158049134524154e-06,0.0,5.474969281128546e-07,0.0,4.899090125019224e-08,0.0,1.096363500602296e-08
4.4008,99.99922164502188,0.9999922164502187,0.0007767652130500485,1.1173088507115883,0.0,2.3217258515280433e-06,0.0,1.1950024546376212e-06,0.0,4.971361393772774e-07,0.0,4.44807920207152e-08,0.0,9.960734787730063e-09
4.4248,99.99922201837339,0.9999922201837339,0.0007767652257317893,1.1039547524065385,0.0,2.108788830818712e-06,0.0,1.085293441569891e-06,0.0,4.5142401715540467e-07,0.0,4.0386403096280595e-08,0.0,9.049071516926365e-09
4.4489,99.99922235743189,0.9999922235743189,0.0007767652372519663,1.090760260107274,0.0,1.915380087310327e-06,0.0,9.856722810289985e-07,0.0,4.099292024522521e-07,0.0,3.666965182699298e-08,0.0,8.22052264431765e-09
4.4729,99.99922266532461,0.999992226653246,0.0007767652477156607,1.0777234665900224,0.0,1.7397242972885017e-06,0.0,8.952175172567304e-07,0.0,3.7226319865526287e-07,0.0,3.329589681474071e-08,0.0,7.467633958668756e-09
4.497,99.9992229449327,0.999992229449327,0.0007767652572197227,1.06484248714611,0.0,1.5801859366355487e-06,0.0,8.130790459519308e-07,0.0,3.380690923317736e-07,0.0,3.023334880010258e-08,0.0,6.783523840436987e-09
4.521,99.99922319889257,0.9999922319889256,0.000776765265852824,1.0521154595511144,0.0,1.4352683872458787e-06,0.0,7.384778915859757e-07,0.0,3.070212382888265e-07,0.0,2.7453040625515247e-08,0.0,6.161880436972413e-09
4.5451,99.99922342958212,0.9999922342958212,0.0007767652736951934,1.0395405438047536,0.0,1.3036196978444864e-06,0.0,6.707140972591584e-07,0.0,2.7882559273885865e-07,0.0,2.492866436109961e-08,0.0,5.5969901956218e-09
4.5691,99.9992236390887,0.999992236390887,0.0007767652808175938,1.0271159224432063,0.0,1.184050721421435e-06,0.0,6.091749729955998e-07,0.0,2.532248229940216e-07,0.0,2.263700889033912e-08,0.0,5.083800580655389e-09
4.5932,99.99922382933508,0.9999922382933508,0.0007767652872852032,1.0148397994217875,0.0,1.0754662823368788e-06,0.0,5.532954300758986e-07,0.0,2.299823231643156e-07,0.0,2.055677518991869e-08,0.0,4.617652671746462e-09
4.6172,99.99922400210107,0.9999922400210107,0.0007767652931583098,1.0027103998595441,0.0,9.768529970810026e-07,0.0,5.025519053753196e-07,0.0,2.088791373734629e-07,0.0,1.8668312746747667e-08,0.0,4.19423559661623e-09
4.6413,99.99922415902353,0.9999922415902353,0.0007767652984923118,0.9907259700392564,0.0,8.872792742740542e-07,0.0,4.5646236136380937e-07,0.0,1.8971395975891448e-07,0.0,1.6953619557960407e-08,0.0,3.8095865310339716e-09
4.6653,99.99922430158608,0.9999922430158609,0.0007767653033374737,0.9788847772515846,0.0,8.059003484223305e-07,0.0,4.1459008880924793e-07,0.0,1.7230447521566648e-07,0.0,1.539637943027001e-08,0.0,3.4601068199728534e-09
4.6894,99.99922443107955,0.9999922443107956,0.0007767653077377845,0.9671851098053447,0.0,7.319793813241574e-07,0.0,3.7655667875377245e-07,0.0,1.5649253128403986e-07,0.0,1.3982288895473268e-08,0.0,3.1426385204578393e-09
4.7134,99.99922454867763,0.9999922454867763,0.0007767653117331936,0.9556252766012995,0.0,6.648468219954582e-07,0.0,3.420174390814356e-07,0.0,1.421344360331386e-07,0.0,1.2698422840538929e-08,0.0,2.8543114038236753e-09
4.7375,99.9992246554696,0.999992246554696,0.0007767653153607554,0.9442036063697251,0.0,6.038814103619276e-07,0.0,3.106523525764508e-07,0.0,1.2909680285978651e-07,0.0,1.153279820027692e-08,0.0,2.5924638283922296e-09
4.7615,99.99922475246035,0.9999922475246035,0.0007767653186546332,0.9329184476573323,0.0,5.485101208424826e-07,0.0,2.821660939856047e-07,0.0,1.172565454049494e-07,0.0,1.0474370195917236e-08,0.0,2.354642358148378e-09
4.7856,99.99922484057127,0.9999922484057128,0.0007767653216461326,0.9217681687759964,0.0,4.98207653045632e-07,0.0,2.5628779599988197e-07,0.0,1.0650078027048208e-07,0.0,9.513021730133502e-09,0.0,2.1385992905658296e-09
4.8096,99.99922492063003,0.9999922492063003,0.0007767653243634356,0.9107511574033907,0.0,4.525017402595727e-07,0.0,2.3277439094770668e-07,0.0,9.672827740947209e-08,0.0,8.63966202127072e-09,0.0,1.942307760510784e-09
4.8337,99.99922499334502,0.9999922499334503,0.0007767653268307018,0.8998658213817233,0.0,4.109878986224683e-07,0.0,2.1141790862309893e-07,0.0,8.785254348441438e-08,0.0,7.846529943321922e-09,0.0,1.7640267393842024e-09
4.8577,99.99922505937049,0.9999922505937049,0.0007767653290702273,0.8891105872952721,0.0,3.7329267682549734e-07,0.0,1.920262257023324e-07,0.0,7.979367523444296e-08,0.0,7.126463520405385e-09,0.0,1.6021500782804626e-09
4.8818,99.99922511931753,0.9999922511931753,0.0007767653311028266,0.878483900117847,0.0,3.3906730334070195e-07,0.0,1.7441985699845952e-07,0.0,7.24770071574087e-08,0.0,6.472771735002273e-09,0.0,1.4551790565873412e-09
4.9058,99.99922517375408,0.9999922517375408,0.0007767653329478332,0.8679842232127903,0.0,3.079876864209912e-07,0.0,1.5843195546131298e-07,0.0,6.583311150988012e-08,0.0,5.879234527956692e-09,0.0,1.3217223819860266e-09
4.9299,99.99922522320499,0.9999922522320499,0.0007767653346230994,0.8576100383329744,0.0,2.797544141001324e-07,0.0,1.439083121775013e-07,0.0,5.97977983071414e-08,0.0,5.3401027984755325e-09,0.0,1.2004961904510828e-09
4.9539,99.99922526814645,0.9999922526814644,0.0007767653361448258,0.8473598454420026,0.0,2.5409578665367136e-07,0.0,1.3070900957275824e-07,0.0,5.431283641621411e-08,0.0,4.850162038660326e-09,0.0,1.0903351684947374e-09
4.978,99.99922530897793,0.9999922530897792,0.0007767653375266464,0.8372321626893443,0.0,2.30783610430218e-07,0.0,1.1871680223055341e-07,0.0,4.932953601846129e-08,0.0,4.405053721720051e-09,0.0,9.902550607095567e-10
5.002,99.99922534605932,0.9999922534605932,0.0007767653387808243,0.8272255264447389,0.0,2.0961240491027997e-07,0.0,1.0782600769990682e-07,0.0,4.480397808251107e-08,0.0,4.0008509943446135e-09,0.0,8.993717255760175e-10
5.0261,99.99922537972785,0.9999922537972785,0.0007767653399188471,0.8173384901140758,0.0,1.9038963188681455e-07,0.0,9.793757658927911e-08,0.0,4.069499233271768e-08,0.0,3.633872370944381e-09,0.0,8.168572737745713e-10
5.0501,99.99922541029798,0.9999922541029798,0.0007767653409514231,0.8075696240850744,0.0,1.7293579509060701e-07,0.0,8.895915812147302e-08,0.0,3.696418946324045e-08,0.0,3.300684344734059e-09,0.0,7.419402070104418e-10
5.0741,99.99922543806129,0.9999922543806129,0.0007767653418884807,0.7979175157272816,0.0,1.5708444019026466e-07,0.0,8.080510013363036e-08,0.0,3.357596113804256e-08,0.0,2.998101387732587e-09,0.0,6.739054180135987e-10
5.0982,99.99922546328659,0.9999922546328659,0.0007767653427391688,0.7883807693895125,0.0,1.4268214736407513e-07,0.0,7.339644533215251e-08,0.0,3.049747846046093e-08,0.0,2.7231858182275236e-09,0.0,6.120941566159886e-10
5.1222,99.9992254862174,0.999992254862174,0.0007767653435117802,0.7789580057268175,0.0,1.2958988912576463e-07,0.0,6.666166878820947e-08,0.0,2.7699012485377274e-08,0.0,2.4732793078555984e-09,0.0,5.559089084876133e-10
5.1463,99.99922550705286,0.9999922550705286,0.0007767653442130985,0.769647862909435,0.0,1.1769395277033743e-07,0.0,6.05422970696109e-08,0.0,2.5156271155419522e-08,0.0,2.246213383164329e-09,0.0,5.048604717358861e-10
5.1703,99.99922552597198,0.9999922552597198,0.0007767653448492186,0.7604489956717355,0.0,1.0689211745885424e-07,0.0,5.4985751842537555e-08,0.0,2.2847407225080854e-08,0.0,2.040037302484811e-09,0.0,4.585095129962954e-10
5.1944,99.99922554314408,0.9999922554314408,0.0007767653454259043,0.7513600742642449,0.0,9.708772571784459e-08,0.0,4.994231331773273e-08,0.0,2.0751760186975948e-08,0.0,1.8529057697719305e-09,0.0,4.164406819791866e-10
5.2184,99.9992255587287,0.999992255587287,0.0007767653459485867,0.742379784453641,0.0,8.818968343930354e-08,0.0,4.536512025050047e-08,0.0,1.884985627184027e-08,0.0,1.683078934604301e-09,0.0,3.7826261146974774e-10
5.2425,99.99922557287564,0.9999922557287565,0.0007767653464223658,0.7335068275227572,0.0,8.011245988069469e-08,0.0,4.1210169940707155e-08,0.0,1.712340844853073e-08,0.0,1.5289223921843183e-09,0.0,3.436079173280224e-10
5.2665,99.99922558572501,0.9999922558572502,0.0007767653468520093,0.7247399202705788,0.0,7.277608766494749e-08,0.0,3.743631823278012e-08,0.0,1.555531642402508e-08,0.0,1.3889071833381123e-09,0.0,3.1213319848889847e-10
5.2906,99.9992255974071,0.999992255974071,0.0007767653472419513,0.7160777950074683,0.0,6.610618476700996e-08,0.0,3.400529091306756e-08,0.0,1.4129671415726633e-08,0.0,1.2616102352033866e-09,0.0,2.835191297358624e-10
5.3146,99.99922560803135,0.9999922560803135,0.0007767653475959172,0.7075191989920605,0.0,6.004026621059053e-08,0.0,3.088494828911438e-08,0.0,1.283311968483133e-08,0.0,1.1458392262586316e-09,0.0,2.5749726032225683e-10
5.3387,99.99922561768457,0.9999922561768457,0.0007767653479168618,0.6990628953984269,0.0,5.452874999823685e-08,0.0,2.80497945069032e-08,0.0,1.1655069881436654e-08,0.0,1.0406500503165994e-09,0.0,2.338545422997165e-10
5.3627,99.99922562644983,0.9999922562644983,0.0007767653482076109,0.6907076623115618,0.0,4.952421933079898e-08,0.0,2.5475439015962957e-08,0.0,1.0585386602780216e-08,0.0,9.451379276004808e-10,0.0,2.1238739965794184e-10
5.3868,99.99922563440563,0.9999922563440563,0.000776765348470836,0.6824522919148915,0.0,4.4981842105264465e-08,0.0,2.313882022963622e-08,0.0,9.614486912236849e-09,0.0,8.584472237761987e-10,0.0,1.92903358109944e-10
5.4108,99.99922564162597,0.9999922564162597,0.0007767653487090549,0.6742955904902767,0.0,4.085937091475973e-08,0.0,2.1018205525079965e-08,0.0,8.733340339318939e-09,0.0,7.797714499524371e-10,0.0,1.752210450920515e-10
5.4349,99.99922564818033,0.9999922564818032,0.0007767653489246314,0.6662363784180099,0.0,3.7117143048548815e-08,0.0,1.909319124326488e-08,0.0,7.933468879676132e-09,0.0,7.08353262680616e-10,0.0,1.591701897639044e-10
5.4589,99.99922565413365,0.9999922565413365,0.0007767653491197752,0.658273490176818,0.0,3.371808049203451e-08,0.0,1.734470268897602e-08,0.0,7.20694699509559e-09,0.0,6.434844639549136e-10,0.0,1.4459162300845947e-10
5.483,99.99922565954633,0.9999922565954633,0.0007767653492965414,0.6504057743333147,0.0,3.0627700627777217e-08,0.0,1.5754999663517053e-08,0.0,6.546403906377758e-09,0.0,5.845062134306078e-10,0.0,1.3133732333104595e-10
5.507,99.99922566446983,0.9999922566446984,0.000776765349456681,0.6426320928232625,0.0,2.7816615474167095e-08,0.0,1.4308965443820909e-08,0.0,5.945558259960553e-09,0.0,5.308577319245124e-10,0.0,1.1928114907436634e-10
5.5311,99.99922566894422,0.9999922566894422,0.0007767653496015566,0.6349513223325407,0.0,2.526195302031995e-08,0.0,1.2994836276103606e-08,0.0,5.399521180476816e-09,0.0,4.821030573638064e-10,0.0,1.0832495682284991e-10
5.5551,99.99922567300702,0.9999922567300702,0.0007767653497324444,0.6273623531880004,0.0,2.2942283358429038e-08,0.0,1.1801588809124077e-08,0.0,4.903711806605712e-09,0.0,4.3783334624099885e-10,0.0,9.837679821627332e-11
5.5792,99.99922567669395,0.9999922567669395,0.0007767653498505592,0.6198640884550471,0.0,2.083721792910057e-08,0.0,1.0718735218319744e-08,0.0,4.453772018245287e-09,0.0,3.976595555938818e-10,0.0,8.934919216501137e-11
5.6032,99.9992256800389,0.9999922568003891,0.0007767653499570536,0.6124554439376431,0.0,1.8927409521354403e-08,0.0,9.736323205806881e-09,0.0,4.04556643651261e-09,0.0,3.6121244300554395e-10,0.0,8.115912485003995e-11
5.6273,99.99922568307393,0.9999922568307393,0.000776765350053018,0.6051353481783052,0.0,1.719455227262341e-08,0.0,8.844936000380301e-09,0.0,3.675182423743643e-09,0.0,3.281425666043578e-10,0.0,7.372804972293319e-11
5.6513,99.99922568582927,0.9999922568582927,0.0007767653501394811,0.5979027424581068,0.0,1.5621381668754062e-08,0.0,8.035692357513634e-09,0.0,3.338930083493359e-09,0.0,2.9812028506399155e-10,0.0,6.698188750586615e-11
5.6754,99.99922568833334,0.9999922568833334,0.0007767653502174094,0.5907565807966763,0.0,1.4191674544005879e-08,0.0,7.30024655935907e-09,0.0,3.0333422605356337e-09,0.0,2.7083575760339855e-10,0.0,6.085102619161247e-11
5.6994,99.99922569061228,0.9999922569061228,0.000776765350287692,0.5836958298296085,0.0,1.2890508411037046e-08,0.0,6.63092194783804e-09,0.0,2.755229864784718e-09,0.0,2.460039527491012e-10,0.0,5.527143622971396e-11
5.7234,99.99922569268509,0.9999922569268509,0.0007767653503509751,0.5767194684093984,0.0,1.1707032353637057e-08,0.0,6.02213735728873e-09,0.0,2.5022730969047766e-09,0.0,2.2341804985246054e-10,0.0,5.019657934731968e-11
5.7475,99.99922569456825,0.9999922569456825,0.000776765350407819,0.5698264887551395,0.0,1.0631837360517352e-08,0.0,5.469053010699295e-09,0.0,2.272460389230652e-09,0.0,2.028986494107327e-10,0.0,4.558609873051221e-11
5.7715,99.9992256962778,0.999992256962778,0.0007767653504587692,0.5630158948363645,0.0,9.65576289491669e-09,0.0,4.966956746978992e-09,0.0,2.063833518102337e-09,0.0,1.8427098985542118e-10,0.0,4.1400700916157475e-11
5.7956,99.999225697829,0.9999922569782901,0.0007767653505043444,0.5562867020999637,0.0,8.77010078574777e-09,0.0,4.511369070068491e-09,0.0,1.8745310787429543e-09,0.0,1.6736890748869756e-10,0.0,3.7603033765184044e-11
5.8196,99.9992256992363,0.999992256992363,0.0007767653505450365,0.549637937470187,0.0,7.966595227597529e-09,0.0,4.098043148940029e-09,0.0,1.7027884852588174e-09,0.0,1.5203483648340716e-10,0.0,3.415768646258443e-11
5.8437,99.99922570051339,0.9999922570051339,0.0007767653505813099,0.5430686393486421,0.0,7.237442780726876e-09,0.0,3.7229648175972745e-09,0.0,1.5469379706393737e-09,0.0,1.3811980888306396e-10,0.0,3.103118951741391e-11
5.8677,99.99922570167311,0.9999922570167311,0.0007767653506136027,0.5365778576142969,0.0,6.575292371070932e-09,0.0,3.3823525750754484e-09,0.0,1.4054085867572565e-09,0.0,1.2548345460185504e-10,0.0,2.8192014762791582e-11
5.8918,99.99922570272757,0.9999922570272757,0.0007767653506423258,0.5301646536234763,0.0,5.973245290238806e-09,0.0,3.0726575854412156e-09,0.0,1.276726204368238e-09,0.0,1.139940014246368e-10,0.0,2.561057535589944e-11
5.9158,99.99922570368737,0.9999922570368738,0.0007767653506678399,0.5238280998939574,0.0,5.425244927332908e-09,0.0,2.790764255664544e-09,0.0,1.159596484004486e-09,0.0,1.0353580449119504e-10,0.0,2.326089639607754e-11
5.9399,99.99922570455998,0.9999922570455998,0.0007767653506903989,0.5175672803318744,0.0,4.927027011597578e-09,0.0,2.534479185525818e-09,0.0,1.0531074003947346e-09,0.0,9.40276407264824e-11,0.0,2.112468755949991e-11
5.9639,99.99922570535253,0.9999922570535253,0.0007767653507102456,0.5113812905664249,0.0,4.474513570093878e-09,0.0,2.3017046763964747e-09,0.0,9.563871267308988e-10,0.0,8.539173694432706e-11,0.0,1.9184458244114867e-11
5.988,99.99922570607188,0.9999922570607188,0.0007767653507276125,0.5052692365999111,0.0,4.063800400882427e-09,0.0,2.09043240327202e-09,0.0,8.686010700062887e-10,0.0,7.755361185018386e-11,0.0,1.7423464182374613e-11
6.012,99.99922570672452,0.9999922570672451,0.0007767653507427207,0.49923023476929024,0.0,3.6911764508061638e-09,0.0,1.8987533897231702e-09,0.0,7.889559913754951e-10,0.0,7.044245183209871e-11,0.0,1.5825790513488035e-11
6.0361,99.9992257073166,0.999992257073166,0.0007767653507557796,0.49326341174617294,0.0,3.3531238154902222e-09,0.0,1.7248580078957861e-09,0.0,7.167000061543618e-10,0.0,6.399111096070616e-11,0.0,1.4376351783420165e-11
6.0601,99.99922570785395,0.9999922570785396,0.0007767653507669871,0.4873679045368248,0.0,3.0463177393420454e-09,0.0,1.5670359785109302e-09,0.0,6.511225838200102e-10,0.0,5.813611098923154e-11,0.0,1.306089194489266e-11
6.0842,99.99922570834207,0.9999922570834207,0.0007767653507765299,0.4815428604821645,0.0,2.7676266155512842e-09,0.0,1.4236763708648193e-09,0.0,5.915545480108175e-10,0.0,5.281764135348905e-11,0.0,1.1865984357383374e-11
6.1082,99.99922570878608,0.9999922570878609,0.0007767653507845828,0.4757874372574578,0.0,2.514112093655751e-09,0.0,1.2932676581782846e-09,0.0,5.373680993857627e-10,0.0,4.7979561258871385e-11,0.0,1.0779032246685703e-11
6.1323,99.9992257091902,0.999992257091902,0.0007767653507912886,0.4701008024093978,0.0,2.2833781128396346e-09,0.0,1.1745773048568433e-09,0.0,4.880510657777444e-10,0.0,4.357615256525201e-11,0.0,9.789760679955052e-12
6.1563,99.9992257095575,0.999992257095575,0.0007767653507967519,0.46448213413731815,0.0,2.073666652206916e-09,0.0,1.0667010090954809e-09,0.0,4.4322740542237165e-10,0.0,3.957393873615302e-11,0.0,8.890627114162655e-12
6.1804,99.99922570989105,0.9999922570989105,0.0007767653508010767,0.45893062074415,0.0,1.88323180689879e-09,0.0,9.687406752376117e-10,0.0,4.0252387054411614e-10,0.0,3.59396215645323e-11,0.0,8.074143693880237e-12
6.2044,99.99922571019373,0.9999922571019373,0.000776765350804362,0.4534454598356959,0.0,1.7104109650149924e-09,0.0,8.798410519724261e-10,0.0,3.6558505102343423e-10,0.0,3.264148303077085e-11,0.0,7.333180456228986e-12
6.2285,99.99922571046834,0.9999922571046834,0.0007767653508067018,0.4480258583206311,0.0,1.5536248076138143e-09,0.0,7.991897323348989e-10,0.0,3.3207337439676925e-10,0.0,2.9649385302673047e-11,0.0,6.660965330879619e-12
6.2525,99.99922571071748,0.9999922571071749,0.0007767653508081852,0.44267103241050126,0.0,1.411377308712061e-09,0.0,7.260171537057661e-10,0.0,3.0166910585654345e-10,0.0,2.6934770735465855e-11,0.0,6.051084140052198e-12
6.2766,99.99922571094363,0.9999922571094363,0.0007767653508088964,0.437380207619725,0.0,1.2822557352850967e-09,0.0,6.595965978115507e-10,0.0,2.7407034825116666e-10,0.0,2.4470661871799728e-11,0.0,5.4974805985163345e-12
6.3006,99.99922571114912,0.9999922571114912,0.0007767653508089144,0.4321526187655915,0.0,1.1649306472668038e-09,0.0,5.992441907245389e-10,0.0,2.489930420850283e-10,0.0,2.223166144174774e-11,0.0,4.994456313590999e-12
6.3246,99.99922571133611,0.999992257113361,0.000776765350808313,0.42698750993065143,0.0,1.0581637691020064e-09,0.0,5.443229526429847e-10,0.0,2.2617263756049854e-10,0.0,2.019410538929882e-11,0.0,4.536704327803791e-12
6.3487,99.99922571150626,0.9999922571150626,0.0007767653508071476,0.421884134036939,0.0,9.610239827966474e-10,0.0,4.943539189359454e-10,0.0,2.054100241405075e-10,0.0,1.8340248988552987e-11,0.0,4.120230420593993e-12
6.3727,99.99922571166084,0.9999922571166084,0.000776765350805463,0.41684175380210636,0.0,8.7275636276613e-10,0.0,4.489487579482415e-10,0.0,1.8654374372169555e-10,0.0,1.665571257690513e-11,0.0,3.741795570169687e-12
6.3968,99.9992257118012,0.999992257118012,0.0007767653508033038,0.41185964068218084,0.0,7.92617180540583e-10,0.0,4.077248940322078e-10,0.0,1.694147997525969e-10,0.0,1.5126311707985605e-11,0.0,3.398210180088982e-12
6.4208,99.99922571192857,0.9999922571192857,0.000776765350800712,0.4069370745070507,0.0,7.198985983892432e-10,0.0,3.7031821342612803e-10,0.0,1.5387188308095566e-10,0.0,1.3738542321894226e-11,0.0,3.086438943245274e-12
6.4449,99.99922571204411,0.999992257120441,0.0007767653507977276,0.4020733434804642,0.0,6.539286693204334e-10,0.0,3.3638306425422346e-10,0.0,1.3977137195372125e-10,0.0,1.2479580745199833e-11,0.0,2.8036008418671404e-12
6.4689,99.99922571214896,0.9999922571214895,0.0007767653507943884,0.3972677441800308,0.0,5.940713370815822e-10,0.0,3.055922565266631e-10,0.0,1.2697733201705248e-10,0.0,1.1337283690940697e-11,0.0,2.5469691475184314e-12
6.493,99.99922571224413,0.9999922571224412,0.0007767653507907302,0.39251958155721994,0.0,5.397264361592056e-10,0.0,2.7763706213955437e-10,0.0,1.1536151631631381e-10,0.0,1.0300188258624148e-11,0.0,2.313971421098191e-12
6.517,99.99922571233066,0.9999922571233065,0.0007767653507867866,0.38782816893736216,0.0,4.903296917789246e-10,0.0,2.522272148749515e-10,0.0,1.0480336529607882e-10,0.0,9.357511934226902e-12,0.0,2.102189512840727e-12
6.5411,99.9992257124094,0.999992257124094,0.0007767653507825881,0.38319282790597464,0.0,4.453666885463426e-10,0.0,2.2909809648102597e-10,0.0,9.519297346096231e-11,0.0,8.499424516519353e-12,0.0,1.909418990670606e-12
6.5651,99.99922571248102,0.9999922571248102,0.0007767653507781564,0.3786128881250937,0.0,4.044733497665482e-10,0.0,2.0806242659490483e-10,0.0,8.64524566671989e-11,0.0,7.718996565806875e-12,0.0,1.7340972570750792e-12
6.5892,99.99922571254609,0.9999922571254609,0.000776765350773511,0.37408768802396747,0.0,3.6732348081898963e-10,0.0,1.8895241024301402e-10,0.0,7.851206251039573e-11,0.0,7.0100119786062836e-12,0.0,1.5748249520053728e-12
6.6132,99.99922571260515,0.9999922571260516,0.0007767653507686707,0.36961657369927153,0.0,3.3360031654794493e-10,0.0,1.7160510253164125e-10,0.0,7.130407294575663e-11,0.0,6.366429223686415e-12,0.0,1.4302436224700328e-12
6.6373,99.99922571265874,0.9999922571265875,0.0007767653507636535,0.3651988987851977,0.0,3.0300256411129487e-10,0.0,1.558655174756191e-10,0.0,6.476408429866687e-11,0.0,5.7824999092833264e-12,0.0,1.2990613525714193e-12
6.6613,99.99922571270737,0.9999922571270737,0.0007767653507584763,0.3608340244534542,0.0,2.75244402980528e-10,0.0,1.415866279983277e-10,0.0,5.883100726469418e-11,0.0,5.2527687831003795e-12,0.0,1.1800527635057256e-12
6.6854,99.99922571275148,0.9999922571275148,0.0007767653507531553,0.35652131941326637,0.0,2.5005548494074265e-10,0.0,1.2862936593169578e-10,0.0,5.344706690958923e-11,0.0,4.772073732308295e-12,0.0,1.07205901356299e-12
6.7094,99.99922571279154,0.9999922571279154,0.0007767653507477055,0.35226015991137555,0.0,2.2718093409064066e-10,0.0,1.168626220161973e-10,0.0,4.855780266928422e-11,0.0,4.335545783545014e-12,0.0,9.73987798127064e-13
6.7335,99.99922571282798,0.9999922571282798,0.0007767653507421413,0.34804992973204046,0.0,2.0638134684253412e-10,0.0,1.0616324590085527e-10,0.0,4.411206834989443e-11,0.0,3.938609102915846e-12,0.0,8.848133496756489e-13
6.7575,99.99922571286115,0.9999922571286115,0.0007767653507364751,0.34389001998990526,0.0,1.8744737410622866e-10,0.0,9.642354757101967e-11,0.0,4.006512884853652e-11,0.0,3.577265131122733e-12,0.0,8.036384150689412e-13
6.7816,99.99922571289129,0.9999922571289129,0.0007767653507307155,0.33977982928201267,0.0,1.7023339794646565e-10,0.0,8.756862115773289e-11,0.0,3.638582602411467e-11,0.0,3.2487447073938436e-12,0.0,7.298377598240246e-13
6.8056,99.99922571291867,0.9999922571291867,0.0007767653507248709,0.33571876389446964,0.0,1.545985872034093e-10,0.0,7.952602272141757e-11,0.0,3.3044049190646753e-11,0.0,2.950362975873923e-12,0.0,6.628073239671103e-13
6.8297,99.99922571294353,0.9999922571294353,0.0007767653507189494,0.3317062369224904,0.0,1.4040805050052837e-10,0.0,7.2226363722122e-11,0.0,3.001096181890672e-11,0.0,2.679547078616786e-12,0.0,6.019686430755192e-13
6.8537,99.99922571296608,0.9999922571296608,0.0007767653507129586,0.3277416682459484,0.0,1.2753356532407727e-10,0.0,6.560368608127973e-11,0.0,2.725915606452918e-11,0.0,2.4338504485109978e-12,0.0,5.467719390675792e-13
6.8778,99.99922571298653,0.9999922571298653,0.0007767653507069057,0.32382448452937734,0.0,1.158535780231006e-10,0.0,5.95954621817118e-11,0.0,2.4762652768010325e-11,0.0,2.2109528092799474e-12,0.0,4.966961202026427e-13
6.9018,99.9992257130051,0.999992257130051,0.0007767653507007974,0.31995411922197015,0.0,1.0525320380942908e-10,0.0,5.414259486762477e-11,0.0,2.249690145470711e-11,0.0,2.0086601754817816e-12,0.0,4.5124878108107065e-13
6.9259,99.99922571302197,0.9999922571302197,0.0007767653506946403,0.31613001255757994,0.0,9.562422675768309e-11,0.0,4.918941744461245e-11,0.0,2.0438780334837952e-11,0.0,1.8249048525094636e-12,0.0,4.0996620264424686e-13
6.9499,99.9992257130373,0.9999922571303731,0.0007767653506884405,0.31235161155454055,0.0,8.686510308951683e-11,0.0,4.468369536912777e-11,0.0,1.8566596999873455e-11,0.0,1.657745500928915e-12,0.0,3.7241336609580254e-13
6.9739,99.99922571305127,0.9999922571305128,0.0007767653506822028,0.30861836971196815,0.0,7.889301431898128e-11,0.0,4.058282655714582e-11,0.0,1.686264796969332e-11,0.0,1.505602134148026e-12,0.0,3.382351507866878e-13
6.998,99.99922571306396,0.9999922571306397,0.0007767653506759307,0.3049297475214215,0.0,7.164725215628043e-11,0.0,3.685558255539444e-11,0.0,1.5313944380322965e-11,0.0,1.3673200829050843e-12,0.0,3.0717090549154087e-13
7.022,99.99922571307548,0.9999922571307548,0.0007767653506696279,0.30128521210949666,0.0,6.506750875190966e-11,0.0,3.34709408183288e-11,0.0,1.3907592776813042e-11,0.0,1.2417493994892003e-12,0.0,2.789619764032593e-13
7.0461,99.99922571308593,0.9999922571308594,0.0007767653506632979,0.2976842367097692,0.0,5.909635095722003e-11,0.0,3.0399357550452925e-11,0.0,1.2631315605519074e-11,0.0,1.1277945553116953e-12,0.0,2.533620778349543e-13
7.0701,99.99922571309543,0.9999922571309543,0.0007767653506569437,0.29412630066279455,0.0,5.367922032441915e-11,0.0,2.761276770632012e-11,0.0,1.1473451214101651e-11,0.0,1.0244144409061183e-12,0.0,2.301372922199544e-13
7.0942,99.99922571310404,0.9999922571310403,0.0007767653506505686,0.29061088941610863,0.0,4.8764433106571696e-11,0.0,2.5084584990533237e-11,0.0,1.0422953851526527e-11,0.0,9.306223659282558e-13,0.0,2.0906607011180797e-13
7.1182,99.99922571311185,0.9999922571311185,0.0007767653506441754,0.28713749452422666,0.0,4.430318025759802e-11,0.0,2.278970185774399e-11,0.0,9.46939366806433e-12,0.0,8.454860591561057e-13,0.0,1.8993923018427707e-13
7.1423,99.99922571311895,0.9999922571311894,0.0007767653506377668,0.28370561364864444,0.0,4.024952743227565e-11,0.0,2.0704489512653696e-11,0.0,8.602956715290891e-12,0.0,7.681276684899053e-13,0.0,1.725599592313437e-13
7.1663,99.9992257131254,0.999992257131254,0.0007767653506313453,0.2803147505340939,0.0,3.65606760965824e-11,0.0,1.8806932227858636e-11,0.0,7.814500327694976e-12,0.0,6.977288733293766e-13,0.0,1.5674491897194836e-13
7.1904,99.99922571313128,0.9999922571313128,0.0007767653506249129,0.27696441472729294,0.0,3.320440929496382e-11,0.0,1.7080457511917126e-11,0.0,7.097134518774598e-12,0.0,6.336760229943705e-13,0.0,1.4235587034707594e-13
7.2144,99.99922571313662,0.9999922571313662,0.0007767653506184711,0.2736541222045526,0.0,3.015466596641765e-11,0.0,1.5511659483210416e-11,0.0,6.4452847780981e-12,0.0,5.754730393384952e-13,0.0,1.2928095702581312e-13
7.2385,99.99922571314147,0.9999922571314147,0.0007767653506120214,0.2703833946826545,0.0,2.7385758113591294e-11,0.0,1.4087324153540683e-11,0.0,5.853459269244754e-12,0.0,5.226300765477832e-13,0.0,1.174100090637637e-13
7.2625,99.99922571314588,0.9999922571314588,0.0007767653506055653,0.2671517593753306,0.0,2.4873236669775284e-11,0.0,1.2794874843412304e-11,0.0,5.316431614670257e-12,0.0,4.746807347106496e-13,0.0,1.0663818776860735e-13
7.2866,99.99922571314987,0.9999922571314986,0.0007767653505991042,0.2639587489932644,0.0,2.2593891498904086e-11,0.0,1.1622372182032274e-11,0.0,4.829240895706901e-12,0.0,4.3118205981790747e-13,0.0,9.686598570010303e-14
7.3106,99.99922571315349,0.999992257131535,0.0007767653505926392,0.26080390174408974,0.0,2.0525751395555344e-11,0.0,1.055851410730983e-11,0.0,4.387191652563416e-12,0.0,3.9171454376275355e-13,0.0,8.799922667008592e-14
7.3347,99.99922571315678,0.9999922571315678,0.0007767653505861718,0.25768676133239193,0.0,1.8648084084950577e-11,0.0,9.59263586585679e-12,0.0,3.9858538843251155e-12,0.0,3.5588212434078114e-13,0.0,7.994906574247027e-14
7.3587,99.99922571315976,0.9999922571315976,0.0007767653505797029,0.2546068769597066,0.0,1.6941396222954556e-11,0.0,8.714710012987257e-12,0.0,3.621063048953761e-12,0.0,3.2331218524996904e-13,0.0,7.263198923324676e-14
7.3828,99.99922571316249,0.9999922571316249,0.0007767653505732336,0.2515638032517493,0.0,1.538790142895363e-11,0.0,7.915587172036514e-12,0.0,3.2890193521369396e-12,0.0,2.9366471626464435e-13,0.0,6.597179873693721e-14
7.4068,99.99922571316496,0.9999922571316496,0.0007767653505667649,0.24855710013242685,0.0,1.3974998441185975e-11,0.0,7.188785218162285e-12,0.0,2.9870267319783442e-12,0.0,2.667000442924667e-13,0.0,5.991438904125399e-14
7.4309,99.9992257131672,0.9999922571316721,0.000776765350560297,0.2455863332838019,0.0,1.2691427005265998e-11,0.0,6.5285118413327945e-12,0.0,2.712677150411835e-12,0.0,2.4220366390965997e-13,0.0,5.4411446080958255e-14
7.4549,99.99922571316925,0.9999922571316925,0.000776765350553831,0.2426510734239283,0.0,1.1526246983242978e-11,0.0,5.92913939901261e-12,0.0,2.4636317645889512e-12,0.0,2.1996694275899206e-13,0.0,4.941605160230266e-14
7.479,99.9992257131711,0.999992257131711,0.0007767653505473672,0.2397508962187009,0.0,1.0469052249913005e-11,0.0,5.3853149462762835e-12,0.0,2.237666159796898e-12,0.0,1.997913513834652e-13,0.0,4.4883585589701735e-14
7.503,99.99922571317278,0.9999922571317278,0.0007767653505409062,0.23688538228185496,0.0,9.509970692818677e-12,0.0,4.89196023580819e-12,0.0,2.0326703494584813e-12,0.0,1.814884632263103e-13,0.0,4.07717262657304e-14
7.5271,99.9992257131743,0.999992257131743,0.0007767653505344487,0.2340541171749664,0.0,8.639664212249237e-12,0.0,4.444271717902609e-12,0.0,1.8466487751321345e-12,0.0,1.6487995463098929e-13,0.0,3.7040450091124744e-14
7.5511,99.99922571317569,0.9999922571317569,0.0007767653505279951,0.23125669140745223,0.0,7.849328721240658e-12,0.0,4.037720540463757e-12,0.0,1.6777203065119398e-12,0.0,1.4979760484119687e-13,0.0,3.3652031764782265e-14
7.5752,99.99922571317694,0.9999922571317694,0.0007767653505215459,0.22849270043656958,0.0,7.130694145575424e-12,0.0,3.668052549005684e-12,0.0,1.5241182414275795e-12,0.0,1.360832960008565e-13,0.0,3.0571044223760987e-14
7.5992,99.99922571317809,0.999992257131781,0.0007767653505151015,0.22576174446339425,0.0,6.476374261961686e-12,0.0,3.3314682454019832e-12,0.0,1.3842644115061313e-12,0.0,1.2359589436947528e-13,0.0,2.7765838132353555e-14
7.6232,99.99922571317913,0.9999922571317913,0.0007767653505086624,0.2230634285804517,0.0,5.8811511802119016e-12,0.0,3.025283531132887e-12,0.0,1.2570423421409217e-12,0.0,1.1223618862423205e-13,0.0,2.521400649672173e-14
7.6473,99.99922571318008,0.9999922571318008,0.0007767653505022286,0.22039736314167546,0.0,5.34039497896401e-12,0.0,2.7471167597415314e-12,0.0,1.1414618788492562e-12,0.0,1.0191599049442105e-13,0.0,2.2895682728440165e-14
7.6713,99.99922571318093,0.9999922571318094,0.0007767653504958004,0.21776316294419415,0.0,4.8496403589801584e-12,0.0,2.494670966775874e-12,0.0,1.0365682679241126e-12,0.0,9.255018754504156e-14,0.0,2.079171257858452e-14
7.6954,99.99922571318172,0.9999922571318172,0.0007767653504893782,0.21516044720261707,0.0,4.404597397695034e-12,0.0,2.265739402024733e-12,0.0,9.414444117188234e-13,0.0,8.4056961696412e-14,0.0,1.8883698926654762e-14
7.7194,99.99922571318243,0.9999922571318243,0.000776765350482962,0.2125888395490334,0.0,4.001151549215715e-12,0.0,2.058205529517715e-12,0.0,8.552108686470441e-13,0.0,7.635778922416703e-14,0.0,1.715400178057452e-14
7.7435,99.99922571318307,0.9999922571318307,0.0007767653504765523,0.21004796803301304,0.0,3.635363644321804e-12,0.0,1.8700430275252783e-12,0.0,7.770258531827828e-13,0.0,6.937744075926014e-14,0.0,1.558573827669168e-14
7.7675,99.99922571318365,0.9999922571318365,0.0007767653504701491,0.20753746512160567,0.0,3.3034698904653078e-12,0.0,1.6993157885586761e-12,0.0,7.060852358603734e-13,0.0,6.30439812879614e-14,0.0,1.4162782679777851e-14
7.7916,99.99922571318417,0.9999922571318417,0.0007767653504637526,0.20505696769934179,0.0,3.00188187177075e-12,0.0,1.5441779193700096e-12,0.0,6.416225432744988e-13,0.0,5.728877015185942e-14,0.0,1.2869766383028829e-14
7.8156,99.99922571318466,0.9999922571318466,0.0007767653504573632,0.2026061170682224,0.0,2.7271865611937015e-12,0.0,1.4028737472066365e-12,0.0,5.829089606625793e-13,0.0,5.2046461284928547e-14,0.0,1.1692077959690091e-14
7.8397,99.9992257131851,0.999992257131851,0.0007767653504509809,0.20018455868195437,0.0,2.4768116164852947e-12,0.0,1.2740800508426727e-12,0.0,5.293946530710313e-13,0.0,4.726797004960958e-14,0.0,1.0618688516776447e-14
7.8637,99.9992257131855,0.9999922571318549,0.0007767653504446056,0.19779194260385616,0.0,2.249128711502583e-12,0.0,1.1569592144324269e-12,0.0,4.807307041230491e-13,0.0,4.2922490900940036e-14,0.0,9.642590105972465e-15
7.8878,99.99922571318587,0.9999922571318587,0.0007767653504382378,0.19542792329893624,0.0,2.042337924050527e-12,0.0,1.0505853521648452e-12,0.0,4.365320152523921e-13,0.0,3.8975791604468034e-14,0.0,8.756054237621918e-15
7.9118,99.99922571318619,0.9999922571318619,0.0007767653504318773,0.19309215916057906,0.0,1.854707978223723e-12,0.0,9.540678900707121e-13,0.0,3.9642830029834784e-13,0.0,3.5394906882545775e-14,0.0,7.951651035240936e-15
7.9359,99.99922571318649,0.9999922571318649,0.0007767653504255242,0.19078431251054587,0.0,1.6845762444064649e-12,0.0,8.665515660226831e-13,0.0,3.600640855057451e-13,0.0,3.2148138414330714e-14,0.0,7.222249235518281e-15
7.9599,99.99922571318676,0.9999922571318676,0.0007767653504191787,0.18850404959897396,0.0,1.5303487392726936e-12,0.0,7.872164297352581e-13,0.0,3.2709870952494305e-13,0.0,2.9205054835784564e-14,0.0,6.561016188315126e-15
7.984,99.999225713187,0.99999225713187,0.0007767653504128409,0.18625104060437722,0.0,1.3905001257860197e-12,0.0,7.152778427647936e-13,0.0,2.972063234118365e-13,0.0,2.6536491739673803e-14,0.0,5.961417856665156e-15
8.008,99.99922571318723,0.9999922571318723,0.0007767653504065107,0.18402495963364585,0.0,1.2635737131997336e-12,0.0,6.499864785095075e-13,0.0,2.700758906278578e-13,0.0,2.411455167556982e-14,0.0,5.417218816774607e-15
8.0321,99.99922571318743,0.9999922571318742,0.0007767653504001884,0.1818254847220467,0.0,1.1481814570567916e-12,0.0,5.906283222094716e-13,0.0,2.4541118703997367e-13,0.0,2.1912604149848612e-14,0.0,4.922482258022207e-15
8.0561,99.99922571318831,0.9999922571318831,0.0007767653503938738,0.17965229776894642,1.2103756171201216e-12,0.0,2.3692030645174933e-12,0.0,0.0,5.79936229483831e-13,0.0,1.990055911224184e-14,0.0,4.4705281507632095e-15
8.0802,99.99922571320218,0.9999922571320218,0.0007767653503875675,0.17750508350361205,2.597986782377756e-11,0.0,5.085388982768247e-11,0.0,0.0,7.605177138733514e-12,0.0,1.7973849586341516e-14,0.0,4.038247516023043e-15
8.1042,99.99922571322475,0.9999922571322475,0.0007767653503812691,0.17538353193187936,6.846375245283322e-11,0.0,1.3401336310929475e-10,0.0,0.0,1.9106170841771014e-11,0.0,1.6150809736639925e-14,0.0,3.629561581372098e-15
8.1283,99.99922571324637,0.9999922571324638,0.0007767653503749788,0.17328733716939304,1.1273563954927009e-10,0.0,2.2067274668875105e-10,0.0,0.0,3.013133931820259e-11,0.0,1.4488716963324923e-14,0.0,3.2569837679921905e-15
8.1523,99.99922571325997,0.9999922571325998,0.0007767653503686963,0.17121619670536914,1.463839791572476e-10,0.0,2.8653723517371006e-10,0.0,0.0,3.704432675375183e-11,0.0,1.3028929877673642e-14,0.0,2.9295385301229425e-15
8.1764,99.99922571326104,0.9999922571326104,0.0007767653503624214,0.16916981140259546,1.6051206132008898e-10,0.0,3.1419209400006644e-10,0.0,0.0,3.7523999540256026e-11,0.0,1.179688830205303e-14,0.0,2.6527613550619077e-15
8.2004,99.99922571324763,0.9999922571324763,0.0007767653503561541,0.16714788549743145,1.497380160802823e-10,0.0,2.931026594319542e-10,0.0,0.0,3.056444627566621e-11,0.0,1.0802113269919651e-14,0.0,2.42869876316452e-15
8.2244,99.99922571322033,0.9999922571322033,0.0007767653503498946,0.16515012659980874,1.121948134794853e-10,0.0,2.196143385617555e-10,0.0,0.0,1.6474977764049832e-11,0.0,1.0038207025819952e-14,0.0,2.2559083078441614e-15
8.2485,99.9992257131823,0.9999922571318229,0.0007767653503436428,0.16317624569323017,4.953026355852131e-11,0.0,9.695260931009217e-11,0.0,0.0,0.0,0.0,9.482853025389843e-15,0.0,2.1294585755720586e-15
8.2725,99.99922571313927,0.9999922571313927,0.0007767653503373987,0.1612259571347705,0.0,3.3526541317534474e-11,0.0,1.0135820466881435e-10,0.0,0.0,0.0,9.097815935354998e-15,0.0,2.040929185877357e-15
8.2966,99.9992257130995,0.999992257130995,0.0007767653503311626,0.15929897865507606,0.0,1.273125237143311e-10,0.0,3.144022639103859e-10,0.0,0.0,0.0,8.828941633530733e-15,0.0,1.9784107913470936e-15
8.3206,99.99922571307384,0.9999922571307384,0.0007767653503249348,0.15739503135836533,0.0,2.2019082058682713e-10,0.0,5.152598430180163e-10,0.0,0.0,0.0,8.606157208822134e-15,0.0,1.9265050776262192e-15
8.3447,99.99922571307569,0.9999922571307569,0.0007767653503187153,0.15551383972242802,0.0,2.964673141204587e-10,0.0,6.633286875417901e-10,0.0,0.0,0.0,8.343470961223866e-15,0.0,1.8663247634175654e-15
8.3687,99.99922571312099,0.9999922571312099,0.0007767653503125046,0.15365513159862582,0.0,3.36936137754418e-10,0.0,7.09244298591628e-10,0.0,0.0,0.0,7.938972401820321e-15,0.0,1.7754936004818691e-15
8.3928,99.99922571322458,0.9999922571322457,0.0007767653503063016,0.15181863822719352,0.0,3.224918300133286e-10,0.0,6.034683938458186e-10,0.0,1.95575226515974e-11,0.0,0.0,0.0,5.260419532164697e-15
8.4168,99.99922571333896,0.9999922571333896,0.000776765350300099,0.15000409445837506,0.0,2.9290287667613994e-10,0.0,4.5195643406006893e-10,0.0,8.72949854785604e-11,0.0,0.0,0.0,4.973518310884527e-14
8.4409,99.99922571343699,0.9999922571343699,0.0007767653502939298,0.14821123821131935,0.0,2.660261262503758e-10,0.0,3.3526199155753964e-10,0.0,1.3353748087216934e-10,0.0,0.0,0.0,9.870515708841862e-14
8.4649,99.99922571351435,0.9999922571351435,0.0007767653502878187,0.14643981035233264,0.0,2.416227826887081e-10,0.0,2.753350303078628e-10,0.0,1.3982801074492096e-10,0.0,0.0,0.0,1.1510167335414526e-13
8.489,99.99922571357176,0.9999922571357176,0.0007767653502817695,0.14468955476446166,0.0,2.1946882868795075e-10,0.0,2.730464349929791e-10,0.0,1.0456631823297477e-10,0.0,1.085058458052338e-12,0.0,8.89695620601002e-14
8.513,99.99922571361503,0.9999922571361504,0.0007767653502757653,0.1429602183474933,0.0,1.993550256890563e-10,0.0,3.0818801100712825e-10,0.0,4.300888769615315e-11,0.0,4.391577269999824e-12,0.0,3.746715163117051e-14
8.5371,99.99922571365506,0.9999922571365506,0.000776765350269768,0.14125155101795522,0.0,1.810869138771216e-10,0.0,3.3947248445683606e-10,0.0,0.0,0.0,7.12485012937677e-12,0.0,4.8662687630750574e-15
8.5611,99.99922571370747,0.9999922571370747,0.0007767653502637206,0.13956330570711806,0.0,1.644848939152977e-10,0.0,3.0588545328128374e-10,0.0,0.0,0.0,6.8833089115749155e-12,0.0,6.082588810021466e-14
8.5852,99.99922571376668,0.9999922571376668,0.0007767653502577003,0.13789523827798017,0.0,1.493941368495173e-10,0.0,2.3127055637735985e-10,0.0,1.7792348012146552e-11,0.0,4.71487773878782e-12,0.0,1.6622820491818723e-13
8.6092,99.9992257138173,0.999992257138173,0.0007767653502517744,0.13624710765901127,0.0,1.3568553568876935e-10,0.0,1.710021714994603e-10,0.0,4.2816219245474864e-11,0.0,2.9780628015432326e-12,0.0,2.4197055359412883e-13
8.6333,99.999225713855,0.99999225713855,0.0007767653502459308,0.13461867564887892,0.0,1.2323793203397076e-10,0.0,1.3752520711244072e-10,0.0,5.173248941095074e-11,0.0,2.2519560310693927e-12,0.0,2.68372278657372e-13
8.6573,99.9992257138794,0.999992257138794,0.0007767653502401468,0.13300970681437266,0.0,1.1193759603926452e-10,0.0,1.3288932329949736e-10,0.0,4.289103824547118e-11,0.0,2.6535917921514584e-12,0.0,2.442821391717585e-13
8.6814,99.999225713894,0.99999225713894,0.0007767653502343893,0.13141996849040458,0.0,1.0167822641202387e-10,0.0,1.4874893176218773e-10,0.0,2.156534894809341e-11,0.0,3.837946883132134e-12,0.0,1.870783087356125e-13
8.7054,99.99922571390621,0.9999922571390621,0.0007767653502286148,0.12984923078000893,0.0,9.236095041285064e-11,0.0,1.6636319582042593e-10,0.0,0.0,0.0,4.997940535911575e-12,0.0,1.3266837548174486e-13
8.7295,99.99922571392736,0.9999922571392736,0.000776765350222769,0.1282972665543428,0.0,8.389432385557775e-11,0.0,1.56596030412477e-10,0.0,0.0,0.0,4.864434415947014e-12,0.0,1.3548934207746946e-13
8.7535,99.99922571395349,0.9999922571395349,0.0007767653502168707,0.12676385132641338,0.0,7.619561275941656e-11,0.0,1.2043291266810056e-10,0.0,1.6477464596906675e-11,0.0,3.226384192987586e-12,0.0,1.9532216584983622e-13
8.7776,99.99922571397353,0.9999922571397353,0.0007767653502110032,0.12524876346045308,0.0,6.919871680406426e-11,0.0,8.869780255384546e-11,0.0,3.6828471398344896e-11,0.0,1.5197603887713174e-12,0.0,2.4837792630981365e-13
8.8016,99.99922571399087,0.9999922571399087,0.0007767653502051871,0.12375178407124553,0.0,6.284494728138212e-11,0.0,6.601929099683608e-11,0.0,4.9655078774712807e-11,0.0,3.4784215401674613e-13,0.0,2.7693687846332923e-13
8.8257,99.99922571400789,0.9999922571400789,0.000776765350199429,0.1222726967853661,0.0,5.707851911556166e-11,0.0,5.446236562416968e-11,0.0,5.0279852311886174e-11,0.0,3.3643067130735184e-14,0.0,2.727623068803501e-13
8.8497,99.99922571402587,0.9999922571402586,0.0007767653501937213,0.12081128774117444,0.0,5.1846550800616876e-11,0.0,5.352984796824102e-11,0.0,3.791836482733551e-11,0.0,6.199578306599866e-13,0.0,2.3709805581802377e-13
8.8737,99.99922571404502,0.9999922571404503,0.0007767653501880418,0.1193673455888139,0.0,4.709906440038163e-11,0.0,6.016239346673698e-11,0.0,1.5679196370126614e-11,0.0,1.8693622712909077e-12,0.0,1.806685292206758e-13
8.8978,99.99922571406454,0.9999922571406453,0.0007767653501823543,0.11794066149021193,0.0,4.278898554851146e-11,0.0,6.873849146264117e-11,0.0,0.0,0.0,3.264213339849766e-12,0.0,1.2367869071980807e-13
8.9218,99.9992257140825,0.999992257140825,0.0007767653501766082,0.11653102911907987,0.0,3.887214344848284e-11,0.0,7.107446520423248e-11,0.0,0.0,0.0,4.006649111302663e-12,0.0,9.58140636340997e-14
8.9459,99.99922571409664,0.9999922571409664,0.0007767653501707586,0.11513824463652418,0.0,3.530796529332337e-11,0.0,5.903171445864753e-11,0.0,0.0,0.0,3.2996706670508882e-12,0.0,1.2505430400033926e-13
8.9699,99.99922571410896,0.9999922571410896,0.000776765350164905,0.11376210661994417,0.0,3.206653092486674e-11,0.0,4.4385456328184246e-11,0.0,0.0,0.0,2.375331707598078e-12,0.0,1.583363733779176e-13
8.994,99.99922571411884,0.9999922571411883,0.0007767653501590806,0.11240241627145109,0.0,2.9121802490219244e-11,0.0,3.2620675138316904e-11,0.0,0.0,0.0,1.6352142166648179e-12,0.0,1.7777809628278986e-13
9.018,99.99922571412549,0.9999922571412548,0.0007767653501532889,0.11105897710881307,0.0,2.644854745316851e-11,0.0,2.523194397663073e-11,0.0,0.0,0.0,1.1168100513393338e-12,0.0,1.8135229260379035e-13
9.0421,99.99922571412877,0.9999922571412877,0.0007767653501475266,0.1097315949166634,0.0,2.402281084248412e-11,0.0,2.261029085604659e-11,0.0,0.0,0.0,8.22868508081259e-13,0.0,1.6965821507410578e-13
9.0661,99.99922571412928,0.9999922571412928,0.0007767653501417842,0.10842007774649993,0.0,2.1821915251916443e-11,0.0,2.4043198714817723e-11,0.0,0.0,0.0,7.213963227214062e-13,0.0,1.4592154927127668e-13
9.0902,99.99922571412824,0.9999922571412825,0.0007767653501360453,0.10712423591668557,0.0,1.9824460840197413e-11,0.0,2.7714605416532267e-11,0.0,0.0,0.0,7.456576704619338e-13,0.0,1.1599441361719505e-13
9.1142,99.99922571412763,0.9999922571412764,0.0007767653501302874,0.10584388201244797,0.0,1.8010325331040206e-11,0.0,3.070490375011275e-11,0.0,0.0,0.0,7.941741658763077e-13,0.0,8.835535937810354e-14
9.1383,99.99922571413006,0.9999922571413006,0.0007767653501244812,0.10457883088587994,0.0,1.6360664013139784e-11,0.0,2.8990941429815036e-11,0.0,0.0,0.0,7.307248629092722e-13,0.0,7.410937066460379e-14
9.1623,99.99922571413525,0.9999922571413525,0.0007767653501186324,0.1033288995687367,0.0,1.485935065482158e-11,0.0,2.250380977994587e-11,0.0,0.0,0.0,5.24440401349765e-13,0.0,7.333510770762629e-14
9.1864,99.99922571413963,0.9999922571413963,0.0007767653501127843,0.10209390739231228,0.0,1.3494665521884561e-11,0.0,1.6656964217803734e-11,0.0,0.0,0.0,3.282721289061241e-13,0.0,7.204866063849506e-14
9.2104,99.99922571414305,0.9999922571414305,0.0007767653501069395,0.10087367595465159,0.0,1.225531773572549e-11,0.0,1.2335216228426276e-11,0.0,2.1018660488322027e-12,0.0,1.8566922923595235e-13,0.0,6.878423356054951e-14
9.2345,99.99922571414557,0.9999922571414557,0.0007767653501010996,0.09966802889675665,0.0,1.1130545008303962e-11,0.0,9.957778618555068e-12,0.0,3.1633201092014157e-12,0.0,1.1932703360299074e-13,0.0,6.292635409186238e-14
9.2585,99.99922571414729,0.9999922571414729,0.0007767653500952646,0.09847679190163255,0.0,1.0110120066219013e-11,0.0,9.510821111361801e-12,0.0,2.911941134648404e-12,0.0,1.320196803843265e-13,0.0,5.4619945504734893e-14
9.2826,99.99922571414844,0.9999922571414843,0.0007767653500894333,0.09729979269428797,0.0,9.184350650709484e-12,0.0,1.0547470346449706e-11,0.0,1.5861977385493648e-12,0.0,2.0660011507044125e-13,0.0,4.477032672569758e-14
9.3066,99.99922571414936,0.9999922571414936,0.0007767653500836033,0.09613686104173504,0.0,8.344079517653939e-12,0.0,1.218780987985317e-11,0.0,0.0,0.0,3.0600009026519886e-13,0.0,3.5043212335510025e-14
9.3307,99.99922571415053,0.9999922571415053,0.0007767653500777709,0.09498782875298924,0.0,7.580684437570596e-12,0.0,1.3118880184037762e-11,0.0,0.0,0.0,3.732301656858468e-13,0.0,2.786471256916056e-14
9.3547,99.99922571415247,0.9999922571415247,0.0007767653500719314,0.09385252967626134,0.0,6.886093857530284e-12,0.0,1.1646338312186609e-11,0.0,0.0,0.0,3.333844290384912e-13,0.0,2.6317430393002672e-14
9.3788,99.99922571415456,0.9999922571415456,0.0007767653500660916,0.09273079959866594,0.0,6.254020708248376e-12,0.0,8.913380076232268e-12,0.0,2.9348212937743384e-14,0.0,2.259118666323776e-13,0.0,2.772648537477648e-14
9.4028,99.99922571415627,0.9999922571415627,0.0007767653500602582,0.09162247644488318,0.0,5.679610298322183e-12,0.0,6.5660618658625626e-12,0.0,1.3386144314394018e-12,0.0,1.2757335398868856e-13,0.0,2.855017353064693e-14
9.4269,99.99922571415765,0.9999922571415765,0.0007767653500544327,0.0905274000903359,0.0,5.158051982450476e-12,0.0,4.9251291422257474e-12,0.0,2.1857196974364998e-12,0.0,6.256890134321421e-14,0.0,2.8021689430413547e-14
9.4509,99.99922571415875,0.9999922571415876,0.0007767653500486154,0.08944541224829201,0.0,4.684765552737338e-12,0.0,4.126205813331602e-12,0.0,2.3697488603493674e-12,0.0,4.2761195302351886e-14,0.0,2.5835741624065843e-14
9.4749,99.99922571415966,0.9999922571415967,0.0007767653500428062,0.08837635646986397,0.0,4.255401238691938e-12,0.0,4.119794234050711e-12,0.0,1.8759691453489594e-12,0.0,6.767559884307508e-14,0.0,2.2148552641783136e-14
9.499,99.99922571416045,0.9999922571416044,0.0007767653500370037,0.0873200781440091,0.0,3.865839707228685e-12,0.0,4.67127520611499e-12,0.0,8.758301533565362e-13,0.0,1.2450015131295753e-13,0.0,1.7577858993934543e-14
9.523,99.9992257141612,0.999992257141612,0.0007767653500312065,0.08627642449752947,0.0,3.512192062667166e-12,0.0,5.360907978117603e-12,0.0,0.0,0.0,1.8808556843017045e-13,0.0,1.3202911171078704e-14
9.5471,99.99922571416202,0.9999922571416202,0.0007767653500254119,0.08524524459507211,0.0,3.1907998467322484e-12,0.0,5.583830245512742e-12,0.0,0.0,0.0,2.2094524228346336e-13,0.0,1.0564473643965118e-14
9.5711,99.999225714163,0.99999225714163,0.0007767653500196172,0.08422638932418343,0.0,2.898283791967668e-12,0.0,4.698802951224918e-12,0.0,0.0,0.0,1.826532792865408e-13,0.0,1.1229116596877234e-14
9.5952,99.9992257141639,0.999992257141639,0.0007767653500138281,0.08321971132747895,0.0,2.632189740408034e-12,0.0,3.5531890000057926e-12,0.0,0.0,0.0,1.260093941168082e-13,0.0,1.2519378632355589e-14
9.6192,99.99922571416462,0.9999922571416462,0.0007767653500080472,0.08222506518356891,0.0,2.3904258174583128e-12,0.0,2.612206327735126e-12,0.0,2.968429124039136e-13,0.0,7.928043343013203e-14,0.0,1.3189988101399456e-14
9.6433,99.99922571416518,0.9999922571416517,0.0007767653500022745,0.08124230717313476,0.0,2.1709440395642962e-12,0.0,1.9945740986036194e-12,0.0,6.091058948441072e-13,0.0,4.939133171619202e-14,0.0,1.3009591378974518e-14
9.6673,99.99922571416558,0.9999922571416557,0.0007767653499965102,0.08027129523092581,0.0,1.9717956115158365e-12,0.0,1.7396326409912586e-12,0.0,6.771955872323399e-13,0.0,3.8875502840005215e-14,0.0,1.1942887659431124e-14
9.6914,99.99922571416585,0.9999922571416584,0.0007767653499907539,0.07931188894575948,0.0,1.7911309264469225e-12,0.0,1.8073434474676243e-12,0.0,5.122412007235214e-13,0.0,4.587484004194132e-14,0.0,1.0150628956504026e-14
9.7154,99.99922571416604,0.9999922571416604,0.0007767653499850051,0.07836394956052127,0.0,1.6271995658356597e-12,0.0,2.078289174791809e-12,0.0,1.8997607003561105e-13,0.0,6.413971593771833e-14,0.0,7.989620103312436e-15
9.7395,99.99922571416624,0.9999922571416624,0.0007767653499792623,0.07742733997216462,0.0,1.478350299504261e-12,0.0,2.3536736439124363e-12,0.0,0.0,0.0,8.302898251840422e-14,0.0,6.012718752359929e-15
9.7635,99.99922571416651,0.9999922571416652,0.0007767653499735242,0.07650192473171129,0.0,1.3430310856190868e-12,0.0,2.3553218399675734e-12,0.0,0.0,0.0,8.750997115041046e-14,0.0,4.968835375535006e-15
9.7876,99.99922571416693,0.9999922571416693,0.0007767653499677901,0.07558757001232992,0.0,1.219848933914607e-12,0.0,1.897161011229984e-12,0.0,0.0,0.0,6.661437745329903e-14,0.0,5.316556545195816e-15
9.8116,99.99922571416728,0.9999922571416728,0.0007767653499620629,0.07468414360050965,0.0,1.1078338713800155e-12,0.0,1.419811351835549e-12,0.0,1.6108091148733658e-13,0.0,4.2271567957588725e-14,0.0,5.755983699108804e-15
9.8357,99.99922571416757,0.9999922571416756,0.0007767653499563434,0.07379151499914195,0.0,1.0060824843332435e-12,0.0,1.0454381926450117e-12,0.0,3.7312872211509454e-13,0.0,2.2948540346870663e-14,0.0,5.938583372581456e-15
9.8597,99.99922571416779,0.9999922571416779,0.000776765349950632,0.07290955521446069,0.0,9.137230372480241e-13,0.0,8.170316126351183e-13,0.0,4.729503416088796e-13,0.0,1.2440976107464952e-14,0.0,5.747242567197315e-15
9.8838,99.99922571416799,0.9999922571416799,0.0007767653499449283,0.07203813674134878,0.0,8.299265047528533e-13,0.0,7.434481021272175e-13,0.0,4.379985513462682e-13,0.0,1.1965448004556837e-14,0.0,5.1664782260884835e-15
9.9078,99.99922571416815,0.9999922571416815,0.0007767653499392323,0.07117713356333842,0.0,7.539065716310202e-13,0.0,7.994105627873823e-13,0.0,2.8226694109199134e-13,0.0,2.015942008220336e-14,0.0,4.2824372339355465e-15
9.9319,99.99922571416832,0.9999922571416832,0.0007767653499335436,0.070326421152611,0.0,6.84919632820595e-13,0.0,9.255083076263883e-13,0.0,5.6289908997934185e-14,0.0,3.3081247663332655e-14,0.0,3.282896416967514e-15
9.9559,99.99922571416847,0.9999922571416847,0.0007767653499278619,0.06948587646999728,0.0,6.222647934144482e-13,0.0,1.0281970609996661e-12,0.0,0.0,0.0,4.421017734973926e-14,0.0,2.457262542962145e-15
9.98,99.99922571416865,0.9999922571416865,0.0007767653499221861,0.06865537796497713,0.0,5.652838686602207e-13,0.0,9.797989586073734e-13,0.0,0.0,0.0,4.444634702209121e-14,0.0,2.196572321245455e-15
10.004,99.99922571416883,0.9999922571416883,0.0007767653499165166,0.06783480552487324,0.0,5.134149214200176e-13,0.0,7.648589865293632e-13,0.0,0.0,0.0,3.270306381841093e-14,0.0,2.4903224061252085e-15
10.0281,99.99922571416899,0.9999922571416898,0.0007767653499108545,0.06702404053570951,0.0,4.662634961818337e-13,0.0,5.676261338220719e-13,0.0,0.0,0.0,2.1887972850218974e-14,0.0,2.7019674362276345e-15
10.0521,99.9992257141691,0.999992257141691,0.0007767653499052002,0.06622296588018374,0.0,4.234409663743911e-13,0.0,4.203448958869053e-13,0.0,5.5612430455553927e-14,0.0,1.381273541137136e-14,0.0,2.75831520017257e-15
10.0762,99.99922571416919,0.9999922571416918,0.0007767653498995535,0.06543146578225086,0.0,3.8457637288995777e-13,0.0,3.380318465782873e-13,0.0,9.400052555518938e-14,0.0,9.313097781567297e-15,0.0,2.633496343889567e-15
10.1002,99.99922571416926,0.9999922571416926,0.0007767653498939145,0.06464942580559975,0.0,3.493171312709151e-13,0.0,3.2104035350066007e-13,0.0,8.912125166458725e-14,0.0,8.436709915827083e-15,0.0,2.3397878713545003e-15
10.1242,99.99922571416928,0.9999922571416928,0.0007767653498882831,0.06387673285365313,0.0,3.173290317097546e-13,0.0,3.5506057800846824e-13,0.0,4.826136584356813e-14,0.0,1.0443125444491228e-14,0.0,1.9276131445895924e-15
10.1483,99.99922571416931,0.9999922571416932,0.0007767653498826589,0.06311327516956752,0.0,2.8829623904907563e-13,0.0,4.111194752061605e-13,0.0,0.0,0.0,1.3803801673220686e-14,0.0,1.4855418836633806e-15
10.1723,99.99922571416936,0.9999922571416936,0.0007767653498770418,0.06235894233623352,0.0,2.619212927815933e-13,0.0,4.4558079394817484e-13,0.0,0.0,0.0,1.6202099582995766e-14,0.0,1.1402901666908504e-15
10.1964,99.99922571416943,0.9999922571416943,0.0007767653498714314,0.061613625275455684,0.0,2.379253360800725e-13,0.0,4.0089927894235524e-13,0.0,0.0,0.0,1.456916260873094e-14,0.0,1.0544342013827954e-15
10.2204,99.9992257141695,0.9999922571416949,0.000776765349865828,0.06087721618283984,0.0,2.1608743255438683e-13,0.0,3.079032872772625e-13,0.0,0.0,0.0,1.0147565141967135e-14,0.0,1.1223863588789505e-15
10.2445,99.99922571416955,0.9999922571416956,0.0007767653498602322,0.060149608649733156,0.0,1.9624066617408072e-13,0.0,2.2716286881957632e-13,0.0,4.159683762752166e-14,0.0,6.1345256569204045e-15,0.0,1.1635292288663824e-15
10.2685,99.9992257141696,0.9999922571416959,0.0007767653498546437,0.05943069755858151,0.0,1.782192963436486e-13,0.0,1.6997989500177937e-13,0.0,7.136101323667975e-14,0.0,3.3835189641856482e-15,0.0,1.148689338842074e-15
10.2926,99.99922571416964,0.9999922571416964,0.0007767653498490627,0.0587203789975266,0.0,1.61865491619979e-13,0.0,1.4134650000019882e-13,0.0,7.913053073967704e-14,0.0,2.3146195473712676e-15,0.0,1.0662613979446557e-15
10.3166,99.99922571416967,0.9999922571416967,0.0007767653498434893,0.058018550260406275,0.0,1.470293297123603e-13,0.0,1.3994508073503217e-13,0.0,6.409226443228846e-14,0.0,2.9145015631004514e-15,0.0,9.222082969543887e-16
10.3407,99.9992257141697,0.9999922571416969,0.0007767653498379232,0.05732510984675431,0.0,1.3356879748247865e-13,0.0,1.5814829687034308e-13,0.0,3.16394598752467e-14,0.0,4.736438841011046e-15,0.0,7.400611082931547e-16
10.3647,99.99922571416973,0.9999922571416973,0.0007767653498323645,0.056639957461800734,0.0,1.2134979094442138e-13,0.0,1.820190708140531e-13,0.0,0.0,0.0,6.900304883754867e-15,0.0,5.609190860245147e-16
10.3888,99.99922571416975,0.9999922571416975,0.0007767653498268129,0.055962994016471417,0.0,1.1024611526467148e-13,0.0,1.9131058771795202e-13,0.0,0.0,0.0,8.0925728669986e-15,0.0,4.4344966585362234e-16
10.4128,99.99922571416978,0.9999922571416978,0.0007767653498212684,0.055294121617738445,0.0,1.0014037150139184e-13,0.0,1.631352749644103e-13,0.0,0.0,0.0,6.7995245693015036e-15,0.0,4.523041719780311e-16
10.4369,99.99922571416981,0.9999922571416981,0.0007767653498157313,0.0546332434995429,0.0,9.094340941393141e-14,0.0,1.2415007833154373e-13,0.0,0.0,0.0,4.677741106198249e-15,0.0,4.967930442179826e-16
10.4609,99.99922571416984,0.9999922571416984,0.0007767653498102014,0.05398026420249949,0.0,8.258477186919608e-14,0.0,9.107626980179151e-14,0.0,1.3518170716070334e-14,0.0,2.8409583998105304e-15,0.0,5.2371315177552455e-16
10.485,99.99922571416985,0.9999922571416985,0.000776765349804679,0.053335089396764124,0.0,7.499604567489288e-14,0.0,6.743008603302013e-14,0.0,2.675744823898282e-14,0.0,1.56165294037961e-15,0.0,5.225925199132722e-16
10.509,99.99922571416987,0.9999922571416987,0.000776765349799164,0.0526976258315189,0.0,6.811166841497752e-14,0.0,5.474775589872868e-14,0.0,3.159309431931251e-14,0.0,9.720357448689804e-16,0.0,4.894988319843577e-16
10.5331,99.99922571416988,0.9999922571416988,0.0007767653497936565,0.05206778133497201,0.0,6.186892844965317e-14,0.0,5.258550048804586e-14,0.0,2.7551840576314694e-14,0.0,1.0640523569642131e-15,0.0,4.2703942943242817e-16
10.5571,99.9992257141699,0.9999922571416989,0.0007767653497881562,0.051445464814357966,0.0,5.6207964915372367e-14,0.0,5.851953310572982e-14,0.0,1.61948131050524e-14,0.0,1.689382847072908e-15,0.0,3.443613117916666e-16
10.5812,99.9992257141699,0.9999922571416989,0.0007767653497826633,0.05083058625593725,0.0,5.107176772483417e-14,0.0,6.814605927216746e-14,0.0,1.117532476394453e-15,0.0,2.559441812324722e-15,0.0,2.57151136686763e-16
10.6052,99.99922571416991,0.9999922571416991,0.0007767653497771777,0.05022305672499655,0.0,4.640617756698605e-14,0.0,7.508127672337569e-14,0.0,0.0,0.0,3.245378376571386e-15,0.0,1.8763521983293173e-16
10.6293,99.99922571416992,0.9999922571416993,0.0007767653497716992,0.049622788365848734,0.0,4.2159885907023404e-14,0.0,7.096137541100099e-14,0.0,0.0,0.0,3.178076190386723e-15,0.0,1.6457953503590711e-16
10.6533,99.99922571416994,0.9999922571416994,0.0007767653497662279,0.049029694355076515,0.0,3.829069293101465e-14,0.0,5.5538476773559256e-14,0.0,0.0,0.0,2.3213971284237036e-15,0.0,1.852351252689241e-16
10.6774,99.99922571416995,0.9999922571416995,0.0007767653497607639,0.048443688961305305,0.0,3.477215149307923e-14,0.0,4.13377162655781e-14,0.0,0.0,0.0,1.5062707975944177e-15,0.0,2.0168149129123702e-16
10.7014,99.99922571416995,0.9999922571416995,0.0007767653497553071,0.04786468755245495,0.0,3.1576254326747685e-14,0.0,3.028634145665748e-14,0.0,6.220275396890615e-15,0.0,8.703534237819501e-16,0.0,2.0809065337619565e-16
10.7255,99.99922571416997,0.9999922571416997,0.0007767653497498577,0.047292606460680585,0.0,2.8676063798977516e-14,0.0,2.3365652723421895e-14,0.0,9.852350636525522e-15,0.0,4.877364953454163e-16,0.0,2.018077319612511e-16
10.7495,99.99922571416997,0.9999922571416997,0.0007767653497444156,0.04672736298116697,0.0,2.6045790678157408e-14,0.0,2.0768329275751234e-14,0.0,1.0068376942536917e-14,0.0,3.793488114221071e-16,0.0,1.8274224440529911e-16
10.7735,99.99922571416997,0.9999922571416997,0.0007767653497389807,0.04616887537212868,0.0,2.3660794134107985e-14,0.0,2.189842915678122e-14,0.0,7.099362431363845e-15,0.0,5.129564819274923e-16,0.0,1.5336810498868678e-16
10.7976,99.99922571416997,0.9999922571416997,0.0007767653497335531,0.04561706285480985,0.0,2.1497581738080654e-14,0.0,2.5371389242902206e-14,0.0,1.9572566550795625e-15,0.0,8.031629275551801e-16,0.0,1.1872362491320365e-16
10.8216,99.99922571416998,0.9999922571416998,0.0007767653497281327,0.04507184561348434,0.0,1.9533809462758393e-14,0.0,2.901402524376049e-14,0.0,0.0,0.0,1.111408879776964e-15,0.0,8.641151230208672e-17
10.8457,99.99922571416998,0.9999922571416998,0.0007767653497227195,0.044533144795455636,0.0,1.774828168225539e-14,0.0,2.986453170225752e-14,0.0,0.0,0.0,1.245972380842815e-15,0.0,6.659887220001858e-17
10.8697,99.9992257141717,0.999992257141717,0.0007767653497173136,0.04400088247284379,3.152691365853658e-12,0.0,6.164139110185087e-12,0.0,0.0,8.797669057521324e-13,0.0,9.91889891000599e-16,0.0,6.991455055575784e-17
10.8938,99.99922571418566,0.9999922571418566,0.0007767653497119147,0.04347498147597154,2.9628469737450445e-11,0.0,5.79298618818677e-11,0.0,0.0,8.059614617517722e-12,0.0,4.72288916307008e-16,0.0,8.571960121737483e-17
10.9178,99.99922571420507,0.9999922571420506,0.000776765349706523,0.04295536592743191,6.865916779210345e-11,0.0,1.3424310149496763e-10,0.0,0.0,1.805555577255461e-11,0.0,0.0,0.0,1.0431040030604994e-16
10.9419,99.99922571422165,0.9999922571422165,0.0007767653497011385,0.04244196087219768,1.057840071374304e-10,0.0,2.0682999767519167e-10,0.0,0.0,2.6597699266788056e-11,0.0,0.0,0.0,1.2015269768263177e-16
10.9659,99.99922571422961,0.9999922571422961,0.0007767653496957612,0.04193469218776607,1.3008170105014444e-10,0.0,2.543371393155429e-10,0.0,0.0,3.069183189393801e-11,0.0,0.0,0.0,1.2920579936419566e-16
10.99,99.99922571422557,0.9999922571422557,0.0007767653496903911,0.041433486584158415,1.3417045447607137e-10,0.0,2.623315644763541e-10,0.0,0.0,2.8619418345523214e-11,0.0,0.0,0.0,1.2892256752405115e-16
11.014,99.9992257142087,0.9999922571420871,0.0007767653496850282,0.04093827160392046,1.142079640301377e-10,0.0,2.2330076038526544e-10,0.0,0.0,1.993760121085813e-11,0.0,0.0,0.0,1.1824942049173655e-16
11.0381,99.99922571418061,0.9999922571418061,0.0007767653496796726,0.040448975622122206,6.989141799637373e-11,0.0,1.3665266343722912e-10,0.0,0.0,5.4792009770540624e-12,0.0,0.0,0.0,9.762633275302056e-17
11.0621,99.9992257141454,0.999992257141454,0.0007767653496743241,0.03996552784635791,4.4574963279077214e-12,0.0,8.71565919449865e-12,9.412287560083918e-12,0.0,0.0,0.0,0.0,0.0,6.89868349498995e-17
11.0862,99.99922571410963,0.9999922571410963,0.0007767653496689828,0.03948785831674625,0.0,7.523404456816518e-11,0.0,1.916703672237518e-10,0.0,0.0,0.0,2.1198683565383207e-16,0.0,3.5758013880606715e-17
11.1102,99.99922571408239,0.9999922571408238,0.0007767653496636486,0.03901589790593007,0.0,1.5894170206668377e-10,0.0,3.7552349923033097e-10,0.0,0.0,0.0,8.672073437402333e-16,0.0,2.8605124996000032e-18
11.1343,99.99922571407518,0.9999922571407518,0.0007767653496583215,0.03854957831907657,0.0,2.328306550124582e-10,0.0,5.25394335269589e-10,0.0,0.0,0.0,1.4202296707924505e-15,0.0,0.0
11.1583,99.99922571410202,0.9999922571410202,0.0007767653496530015,0.038088832093877194,0.0,2.795255626379201e-10,0.0,5.969616291334729e-10,0.0,0.0,0.0,1.7046541355305124e-15,0.0,0.0
11.1824,99.99922571417909,0.9999922571417909,0.0007767653496476883,0.037633592600701725,0.0,2.7840381374331245e-10,0.0,5.378491223638031e-10,0.0,4.76804834463627e-12,0.0,0.0,0.0,3.021281742091374e-16
11.2064,99.99922571427308,0.9999922571427308,0.0007767653496423694,0.037183794069980715,0.0,2.5285940070559034e-10,0.0,4.0871437496718676e-10,0.0,6.644185491324208e-11,0.0,0.0,0.0,3.529708226356425e-14
11.2305,99.99922571435309,0.9999922571435309,0.00077676534963707,0.036739371542304784,0.0,2.2965157338054765e-10,0.0,3.004718970821286e-10,0.0,1.1913358103053687e-10,0.0,0.0,0.0,8.804630499513266e-14
11.2545,99.9992257144207,0.999992257144207,0.0007767653496318219,0.036300260794614195,0.0,2.0857852979921143e-10,0.0,2.3251901488430188e-10,0.0,1.4070806766569516e-10,0.0,0.0,0.0,1.1866299263069792e-13
11.2786,99.99922571447809,0.9999922571447809,0.0007767653496266375,0.03586639834676321,0.0,1.8945000076914262e-10,0.0,2.1054748718452835e-10,0.0,1.2294421684737035e-10,0.0,0.0,0.0,1.095740974620614e-13
11.3026,99.99922571452794,0.9999922571452794,0.0007767653496215097,0.0354377214615199,0.0,1.7208724987442698e-10,0.0,2.2654350542874733e-10,0.0,7.153499166370521e-11,0.0,1.93849798726186e-12,0.0,6.55203278110574e-14
11.3267,99.9992257145735,0.999992257145735,0.0007767653496164117,0.03501416814456626,0.0,1.5632307347568109e-10,0.0,2.587876936980401e-10,0.0,6.087416262322102e-12,0.0,5.38809931026073e-12,0.0,1.3556148029540718e-14
11.3507,99.9992257146186,0.999992257146186,0.0007767653496112971,0.034595677144498176,0.0,1.4200180071005016e-10,0.0,2.7185510870862234e-10,0.0,0.0,0.0,7.517008582345313e-12,0.0,3.049778499391724e-15
11.3747,99.99922571466666,0.9999922571466666,0.000776765349606122,0.03418218794788374,0.0,1.2898049458537356e-10,0.0,2.2678852634306865e-10,0.0,0.0,0.0,6.3048552825323866e-12,0.0,8.769863169903992e-14
11.3988,99.99922571471149,0.9999922571471148,0.0007767653496010033,0.033773640762195564,0.0,1.17144012359607e-10,0.0,1.6950221035140866e-10,0.0,0.0,0.0,4.339775612048274e-12,0.0,1.7782271043839676e-13
11.4228,99.99922571474731,0.9999922571474731,0.0007767653495959669,0.03336997655573341,0.0,1.0639263950596101e-10,0.0,1.2561409973139577e-10,0.0,1.7689692257842442e-11,0.0,2.8621136258178747e-12,0.0,2.3315262341661735e-13
11.4469,99.99922571477201,0.9999922571477201,0.0007767653495909993,0.03297113698617788,0.0,9.663161668610308e-11,0.0,1.0200146439483161e-10,0.0,2.7075921890031013e-11,0.0,2.1439385649427268e-12,0.0,2.468511854936129e-13
11.4709,99.99922571478606,0.9999922571478607,0.0007767653495860797,0.03257706438904428,0.0,8.777171043896342e-11,0.0,9.912771065175231e-11,0.0,2.471397128345503e-11,0.0,2.2078145748631152e-12,0.0,2.224400673668296e-13
11.495,99.99922571479267,0.9999922571479267,0.0007767653495811799,0.03218770177768281,0.0,7.972921318073731e-11,0.0,1.1104238121042718e-10,0.0,1.366320520918629e-11,0.0,2.826800705357982e-12,0.0,1.7379979557125906e-13
11.519,99.9992257147977,0.999992257147977,0.0007767653495762637,0.031802992843278345,0.0,7.242594320488141e-11,0.0,1.253811551773582e-10,0.0,9.514093375468233e-13,0.0,3.5244509105449753e-12,0.0,1.2516975247942642e-13
11.5431,99.9992257148097,0.9999922571480969,0.0007767653495712877,0.03142288195485055,0.0,6.578924468211625e-11,0.0,1.2336584805728282e-10,0.0,0.0,0.0,3.574814048880489e-12,0.0,1.1114817630139468e-13
11.5671,99.99922571483162,0.9999922571483162,0.0007767653495662583,0.03104731415925037,0.0,5.97557686416173e-11,0.0,9.901278086471115e-11,0.0,6.849516357214457e-12,0.0,2.7165282540707724e-12,0.0,1.4254091340127766e-13
11.5912,99.99922571485183,0.9999922571485184,0.000776765349561262,0.030676235168047877,0.0,5.427542841921815e-11,0.0,7.929679583721157e-11,0.0,1.2363909901624615e-11,0.0,2.185056739574095e-12,0.0,1.5735336150376047e-13
11.6152,99.99922571486985,0.9999922571486985,0.0007767653495562827,0.03030959133271945,0.0,4.9297904649356464e-11,0.0,6.412340351634749e-11,0.0,1.4566203915857964e-11,0.0,2.111198754892246e-12,0.0,1.4882837326397426e-13
11.6393,99.99922571488584,0.9999922571488584,0.0007767653495513021,0.02994732964144042,0.0,4.477686825231963e-11,0.0,5.231523119684416e-11,0.0,1.496587550064565e-11,0.0,2.0696203070247017e-12,0.0,1.4088364312243226e-13
11.6633,99.99922571489984,0.9999922571489983,0.0007767653495463213,0.02958939771687232,0.0,4.067025058116971e-11,0.0,4.2957471780915916e-11,0.0,1.471290686737407e-11,0.0,1.7733155391315344e-12,0.0,1.4773655391464804e-13
11.6874,99.99922571491204,0.9999922571491204,0.0007767653495413534,0.029235743812927,0.0,3.69403135069453e-11,0.0,3.5590200281996924e-11,0.0,1.3831493362231156e-11,0.0,1.5417313257760712e-12,0.0,1.4957125890294037e-13
11.7114,99.99922571492269,0.9999922571492269,0.0007767653495363944,0.028886316798988575,0.0,3.355258477088044e-11,0.0,2.9781870859981975e-11,0.0,1.256205503650428e-11,0.0,1.3623258393187823e-12,0.0,1.4740391623538285e-13
11.7355,99.9992257149321,0.9999922571493209,0.0007767653495314375,0.028541066150725356,0.0,3.008600522925532e-11,0.0,2.4214476792421667e-11,0.0,1.1348899099249478e-11,0.0,1.2048374652634108e-12,0.0,1.4325532366890836e-13
11.7595,99.99922571494886,0.9999922571494886,0.0007767653495264755,0.02819994186765047,0.0,7.846481518422025e-12,0.0,0.0,0.0,1.5670685232791637e-11,0.0,9.774509888969604e-13,0.0,1.413459836405913e-13
11.7836,99.99922571496982,0.9999922571496982,0.0007767653495215092,0.02786289466046046,2.8064256085226075e-11,0.0,5.481234427536333e-11,0.0,0.0,2.3543843979954647e-11,0.0,7.105844304153994e-13,0.0,1.4046646210140662e-13
11.8076,99.99922571498647,0.9999922571498646,0.0007767653495165412,0.027529875873192496,6.017972036612335e-11,0.0,1.1757166818583912e-10,0.0,0.0,2.967961639044696e-11,0.0,4.79784252199679e-13,0.0,1.376911882002652e-13
11.8317,99.99922571499341,0.9999922571499341,0.0007767653495115729,0.027200837398192106,7.617856503393315e-11,0.0,1.4883730691978525e-10,0.0,0.0,3.064966436366201e-11,0.0,3.364335589813562e-13,0.0,1.311353272691391e-13
11.8557,99.99922571498846,0.9999922571498846,0.0007767653495066052,0.026875731676113134,6.889474475216372e-11,0.0,1.346061289860167e-10,0.0,0.0,2.488607064867758e-11,0.0,3.0775209784258026e-13,0.0,1.199547808230602e-13
11.8798,99.99922571497247,0.9999922571497247,0.0007767653495016374,0.026554511695917795,3.630879750253132e-11,0.0,7.093192791686519e-11,0.0,0.0,1.2681338844258055e-11,0.0,3.9679625821609456e-13,0.0,1.0434618656012408e-13
11.9038,99.99922571494949,0.9999922571494949,0.0007767653494966682,0.026237130994876585,0.0,1.8431676154327293e-11,0.0,3.00091036715972e-11,0.0,0.0,0.0,5.824590718852222e-13,0.0,8.55469183614849e-14
11.9279,99.99922571492667,0.9999922571492667,0.0007767653494916949,0.025923543658568343,0.0,8.701772336616451e-11,0.0,1.8817983612388157e-10,0.0,0.0,0.0,8.19470212983885e-13,0.0,6.583508629135842e-14
11.9519,99.9992257149143,0.9999922571491431,0.0007767653494867143,0.025613704320880226,0.0,1.5608424982884504e-10,0.0,3.3907843988149574e-10,0.0,0.0,0.0,1.0383959979965924e-12,0.0,4.8529536597021234e-14
11.976,99.99922571492581,0.9999922571492581,0.0007767653494817217,0.02530756816400771,0.0,2.0708499124828272e-10,0.0,4.356223105071841e-10,0.0,0.0,0.0,1.1456393857584488e-12,0.0,3.798985170881059e-14
12.0,99.99922571497775,0.9999922571497776,0.0007767653494767117,0.025005090918454653,0.0,2.16332812091478e-10,0.0,4.181101832351343e-10,0.0,0.0,0.0,1.0234399774551285e-12,0.0,3.9616350240126874e-14
