time_hr,absorbed_mg,fraction_absorbed,excreted_mg,cp_mg_l,stomach_undissolved_mg,stomach_dissolved_mg,duodenum_undissolved_mg,duodenum_dissolved_mg,jejunum_undissolved_mg,jejunum_dissolved_mg,ileum_undissolved_mg,ileum_dissolved_mg,colon_undissolved_mg,colon_dissolved_mg
0.0,0.0,0.0,0.0,0.0,100.00000000000001,0.0,0.0,0.0,0.0,0.0,0.0,0.0,0.0,0.0
0.0481,3.5127926772098728,0.03512792677209873,5.430013962825179e-08,0.28913761254524256,80.07360706578821,2.42533059749279,0.7794183553673553,12.110256663334841,0.0009834772246049765,1.0863174945252023,1.8032748607042527e-07,0.011200846909656819,4.8677287209706627e-11,9.258747117648704e-05
0.0962,11.918613534284946,0.11918613534284946,1.1206167034212607e-06,0.9677041136126312,65.637464338041,2.4232828176582633,0.7437716652781785,16.64495956341981,0.0015485425828103967,2.5785084465079047,2.9239394951891157e-07,0.05098284115514985,4.3336415545503216e-11,0.0008668380185221215
0.1443,22.405394087333516,0.22405394087333516,5.5505290175925065e-06,1.7919940764743805,53.7321503030019,2.417243066141743,0.5857410528949201,17.256833425080615,0.0017085554180664812,3.499362173749781,3.1441033454319346e-07,0.09897476749890803,7.776327494520211e-11,0.0025867038650670767
0.1924,33.20224465917096,0.3320224465917096,1.5438746097006104e-05,2.612136414268136,43.91216032728209,2.4104927066381454,0.4421728078121338,16.07152613716068,0.001455284359681096,3.8184890229392145,2.7139179836329837e-07,0.13658616843391866,4.802610786863238e-11,0.004857176020561331
0.2405,43.35010241431478,0.43350102414314784,3.148112040215734e-05,3.349943932589115,35.81286378183464,2.402832868597179,0.33990985404690044,14.19997178979398,0.0010279527980639463,3.7288184321873654,1.9178482770964113e-07,0.15733709162656023,3.7757865935048515e-11,0.0071041418310587795
0.2886,52.42064365263746,0.5242064365263746,5.299583982097285e-05,3.9733757153887037,29.133633319820724,2.3939104374075804,0.264637367521116,12.197697406364979,0.0006305893665656744,3.4173270924429957,1.2499270309872415e-07,0.16256536967174257,1.9290809881299638e-11,0.008901643843661138
0.3367,60.29156205144582,0.6029156205144582,7.8471753853294e-05,4.4765271033670695,23.626900936487992,2.3829877345514148,0.20558401821851452,10.312423912375019,0.00034711834786388754,3.013487153291681,6.405092229846494e-08,0.15657423240384946,1.308201104481901e-11,0.010054306908730822
0.3848,66.99830279092637,0.6699830279092638,0.00010614028050225137,4.866586750397737,19.09075965759993,2.3671221834096547,0.15634605845902855,8.638946111445968,0.00017417434434825548,2.5938513558244813,3.476816382453691e-08,0.1438388914347619,5.744700461415277e-12,0.010552601280940687
0.4329,72.64870914195401,0.7264870914195402,0.00013436923886735148,5.156398793894501,15.353561403526928,2.3489631603480574,0.11276528757667716,7.199141985704001,0.0001259512037126805,2.198206481792318,1.7470124278997446e-08,0.12789668626537581,0.0,0.010495515654883835
0.481,77.37462333408577,0.7737462333408577,0.00016186023609091778,5.360308021818356,12.26906470038584,2.335330004392387,0.07663927404628258,5.978823128336841,8.533048056383125e-05,1.8440977691499179,1.6496057039274548e-08,0.11114974334196713,4.8722882187196104e-12,0.010024848835424514
0.5291,81.30809784930652,0.8130809784930652,0.00018770131076169058,5.4921647146510075,9.728876166640568,2.319594316953931,0.047639599705133234,4.954575592286502,5.313025287969196e-05,1.5366483139726457,1.0070685451410005e-08,0.09504441679926272,1.7240640391476167e-12,0.00928291997945222
0.5772,84.57119442550089,0.845711944255009,0.00021133574156876087,5.56450887670677,7.6394535347772035,2.300406618862233,0.02646845843094912,4.09880465930601,2.9380941798096646e-05,1.2746987325487038,5.987760931195272e-09,0.08034174804820036,2.0497077283197432e-12,0.008391123311368145
0.6253,87.2714540584075,0.872714540584075,0.00023249397363399646,5.588247323272461,5.924642788603054,2.275636243365251,0.013516866114436355,3.385443846387007,1.5036918722750406e-05,1.054257683466642,2.8008796962093086e-09,0.06735839182532118,5.253050958184359e-13,0.007442616694761098
0.6733,89.50167969617745,0.8950167969617745,0.0002511178454872639,5.572694399836204,4.524879051924666,2.2402640348739675,0.007462730200630149,2.7924647232218227,8.550192269405981e-06,0.8703406193752088,2.002616650239203e-09,0.0561465189446232,0.0,0.006502988006945194
0.7214,91.34148435731849,0.9134148435731849,0.00026729220441727806,5.525755334626357,3.40634560480565,2.174825573204121,0.004870104561314725,2.302148214947045,5.167644352745627e-06,0.7178253991301019,1.0418658096492243e-09,0.04661377457208901,2.4863743420757496e-13,0.0056145468118312435
0.7695,92.85861062053829,0.9285861062053828,0.00028118973293931877,5.454083874835811,2.5692505545824718,2.035156376444817,0.0033970397780992805,1.898085548507165,3.623010268369146e-06,0.5918168052634337,7.719449075491086e-10,0.03859668479662527,1.2192306828084163e-13,0.004801604785591028
0.8176,94.10964438589875,0.9410964438589875,0.00029302962017354304,5.363185123657317,1.8538633248912888,1.9447234789007026,0.0023288209088690322,1.5652717202778743,2.6917328603778696e-06,0.4878927565722042,5.145286855600658e-10,0.031904433308062766,2.1466312672661543e-14,0.004075424385714053
0.8657,95.141342039438,0.95141342039438,0.0003030484289572497,5.2575649957405854,1.2637550448929795,1.8700387144529944,0.0015321366577795536,1.2910066457384595,1.7461470000527104e-06,0.40223698129591245,3.556159376970893e-10,0.026345361586065517,1.072133353242653e-13,0.0034383635439795136
0.9138,95.9922262731802,0.9599222627318019,0.00031148084248086165,5.140896236988804,0.7956209905355266,1.7897255694830982,0.0009395431625252717,1.0649009359661952,8.199681117322495e-07,0.3316455855814776,5.204584827138027e-10,0.021741770212725935,0.0,0.002887125874829877
0.9619,96.69402770865034,0.9669402770865034,0.00031854794604933037,5.016165874723897,0.45042323293990505,1.6824602139896403,0.0005190344194021937,0.8784359515481377,5.864284397078313e-07,0.2734631424860118,7.23412621612841e-11,0.017936521699324193,9.580187552563698e-15,0.002415165707000803
1.01,97.27287430527065,0.9727287430527065,0.00032445093349934396,4.885796801488058,0.28517982267947767,1.4744263626333676,0.0003170490589441809,0.7245657138712165,3.946879603628766e-07,0.22550303334119773,3.5705168570968644e-11,0.014794592622818487,1.2645071012171626e-14,0.002014367144167485
1.0581,97.75029269339295,0.9775029269339295,0.00032936849824858206,4.751749699657577,0.2021312700845508,1.2495251398559304,0.00022107796978102038,0.5976539769047692,2.801806334868552e-07,0.18596813402492374,1.0075996581987214e-10,0.012202009120264467,0.0,0.0016761490443426993
1.1062,98.1440805595098,0.981440805595098,0.00033345657836138975,4.615610748817047,0.1325679118686377,1.0650332048531816,0.00014758621793792607,0.49300512235897,1.789472035637151e-07,0.15337640544454326,4.861172760359767e-11,0.010063533997005117,1.4594105196867675e-15,0.0013921450185563026
1.1543,98.46890808444697,0.9846890808444697,0.0003368494919878024,4.478654091491717,0.07690848231508882,0.9110997164240014,8.572466215975116e-05,0.4067019852323104,1.0590756039971889e-07,0.12650461764446627,2.4219747300507273e-11,0.00829996044355096,0.0,0.0011545829395928388
1.2024,98.73686233142055,0.9873686233142055,0.0003396618024439221,4.341897428148176,0.03551271521024143,0.7795835527756256,3.953583735026528e-05,0.33551452112526425,4.659587037092197e-08,0.1043456352200904,8.073669618921074e-12,0.006845647413335115,3.080727545503567e-16,0.0009564666818923735
1.2505,98.95790545859361,0.9895790545859362,0.0003419904917061549,4.206148585048458,0.009925098350554773,0.662520663670836,1.1567577771907565e-05,0.27678651293115286,8.022965546963779e-09,0.08607083628616335,3.833176358429617e-12,0.005646344557951052,0.0,0.0007916352885347053
1.2986,99.14024921307654,0.9914024921307655,0.000343917185235744,4.072043582737925,0.005411993286284533,0.5493486167431172,5.693755012690243e-06,0.22833027443469675,1.674839241845923e-08,0.07099841090663749,0.0,0.004657294075841093,0.0,0.0006547487954572199
1.3467,99.29066882985194,0.9929066882985194,0.00034551027835264767,3.9400784035820338,0.0039434137475936205,0.45372819610099985,4.279618887574263e-06,0.1883601176550259,6.299977642761598e-09,0.058567068793809365,7.321735522344486e-13,0.00384160460529796,0.0,0.0005412330231506125
1.3948,99.4147564938542,0.994147564938542,0.00034682688438589964,3.8106346805923557,0.0027667080855643665,0.3748075080259614,3.1842298634105297e-06,0.1553899006195551,3.3126755018636338e-09,0.048313630208507354,2.059095178631897e-14,0.0031688674885519963,0.0,0.0004472040792807908
1.4429,99.51712363421571,0.9951712363421571,0.00034791456917701477,3.684000299119281,0.001839133798979095,0.3096555833834907,1.7624044443520647e-06,0.12819284236216866,5.808595884850825e-09,0.039856110851522394,0.0,0.002614008827258736,0.0,0.00036938569988274937
1.491,99.60157330535242,0.9960157330535242,0.00034881286501115824,3.5603868193199535,0.0011248259383237346,0.25585500661445565,1.2435368891546647e-06,0.1057562132381544,1.1956126709403878e-09,0.032879636449108504,0.0,0.0021563543698125717,0.0,0.0003050278556333468
1.5391,99.67124220936891,0.9967124220936892,0.00034955457405290706,3.439943797795951,0.0005948427403437251,0.21141078912457764,6.0458168056427e-07,0.08724714279981614,1.1677383775637316e-09,0.02712463020796107,0.0,0.0017788593246530484,0.0,0.0002518310685095317
1.5872,99.72871765954626,0.9972871765954626,0.0003501668794847135,3.322770552009862,0.00022846099421889175,0.17467393308066748,5.643053964552847e-07,0.07197725353363355,0.0,0.022377108309156377,2.5879550871595152e-14,0.0014674717225264596,0.0,0.00020787834149305756
1.6353,99.7761340597513,0.997761340597513,0.0003506722856818595,3.208925832340528,2.119611017924021e-05,0.14427142094923764,2.1338793341204476e-07,0.059380230875932936,0.0,0.018460713928434926,0.0,0.0012106086294979585,0.0,0.00017157529569363398
1.6834,99.81525201137576,0.9981525201137577,0.0003510894102603853,3.0984357320444373,0.0,0.11904003543112837,0.0,0.048988250558278386,0.0,0.015229730237718075,0.0,0.000998714127999994,0.0,0.00014159817241274198
1.7315,99.84752387037865,0.9984752387037865,0.00035143364475820647,2.9913002044492463,0.0,0.09820658710974423,0.0,0.04041453354745626,0.0,0.012564243339988764,0.0,0.0008239117983080933,0.0,0.0001168494946477314
1.7796,99.87414918937144,0.9987414918937144,0.00035171772070688586,2.8874985482220397,0.0,0.08101824776340141,0.0,0.033340993531437234,0.0,0.01036516215652651,0.0,0.0006796991869207652,0.0,9.641958312685952e-05
1.8277,99.89611073293378,0.9989611073293377,0.0003519520859421566,2.7869929384671988,0.0,0.06684062634424823,0.0,0.027506514529048176,0.0,0.008551291874453758,0.0,0.0005607511654816297,0.0,7.956038059566209e-05
1.8758,99.9142317524617,0.999142317524617,0.00035214549525514234,2.6897340655445774,0.0,0.05514229466079123,0.0,0.022692345675817016,0.0,0.0070546404359097155,0.0,0.00046260574371799197,0.0,6.564484035700857e-05
1.9238,99.92918027988391,0.9992918027988391,0.00035230506377198863,2.595661476993793,0.0,0.04549200661138083,0.0,0.01872101294724892,0.0,0.005820018142630911,0.0,0.00038164432112079564,0.0,5.416234349097538e-05
1.9719,99.94151219744259,0.999415121974426,0.0003524367141368442,2.5047077635172017,0.0,0.03753091087168246,0.0,0.015444831730222666,0.0,0.004801509498433476,0.0,0.0003148553693379988,0.0,4.468768713667353e-05
2.02,99.9516874124252,0.999516874124252,0.0003525453483265458,2.416800080839374,0.0,0.03096211124321379,0.0,0.012741615796814973,0.0,0.003961128306958916,0.0,0.00025974741633342667,0.0,3.6868776686975436e-05
2.0681,99.96008021274734,0.9996008021274734,0.00035263495851040397,2.3318610782508,0.0,0.0255439805485085,0.0,0.010511929624968493,0.0,0.0032679596140452478,0.0,0.00021429320658780063,0.0,3.0418613571034413e-05
2.1162,99.96700536773419,0.9996700536773419,0.0003527089019474286,2.24981136535036,0.0,0.021073315309926084,0.0,0.008672148022134316,0.0,0.0026960057866455118,0.0,0.0001767877031469755,0.0,2.5095855552823027e-05
2.1643,99.97271825580479,0.9997271825580479,0.00035276990369784486,2.1705694503107176,0.0,0.01738525155208076,0.0,0.007154425433393349,0.0,0.0022241743789287263,0.0,0.0001458477474325224,0.0,2.0704493205614875e-05
2.2124,99.97743077230378,0.9997743077230378,0.00035282022512197727,2.0940531809617515,0.0,0.014342996468991929,0.0,0.005902468216033824,0.0,0.0018349645632735178,0.0,0.00012032569122885219,0.0,1.7081845098694103e-05
2.2605,99.98131953237015,0.9998131953237015,0.0003528617511771219,2.0201804553005154,0.0,0.011832533054516517,0.0,0.004869355430263823,0.0,0.001513789447105836,0.0,9.92649612949164e-05,0.0,1.4092299021860368e-05
2.3086,99.9845269888598,0.999845269888598,0.00035289600262407403,1.9488692529512253,0.0,0.009761898131257399,0.0,0.004017242173256916,0.0,0.0012488836810215726,0.0,8.18940574552642e-05,0.0,1.1626408104478048e-05
2.3567,99.98717324670865,0.9998717324670865,0.00035292426162044456,1.8800386483724625,0.0,0.00805355571877539,0.0,0.003314220541574155,0.0,0.001030327685108656,0.0,6.7562497472747e-05,0.0,9.591900324678463e-06
2.4048,99.98935679286711,0.9998935679286711,0.00035294757964701625,1.8136088166263213,0.0,0.00664392570102759,0.0,0.0027341258423984236,0.0,0.00084998733904767,0.0,5.573688868227179e-05,0.0,7.913095603047618e-06
2.4529,99.99115762769792,0.9999115762769791,0.00035296681090717563,1.749501240631714,0.0,0.005481362303510864,0.0,0.0022557046749421784,0.0,0.0007012553554200981,0.0,4.598396605775465e-05,0.0,6.528504760632308e-06
2.501,99.99264361095412,0.9999264361095412,0.0003529826799542253,1.6876391934126318,0.0,0.004522057372050702,0.0,0.0018609289724901173,0.0,0.0005785271504571281,0.0,3.793621127898722e-05,0.0,5.385973167435283e-06
2.5491,99.99386967885091,0.9999386967885091,0.00035299577339944056,1.6279476152710977,0.0,0.0037305457793561396,0.0,0.0015352040305389955,0.0,0.00047726550658352994,0.0,3.129610121597836e-05,0.0,4.443271510405001e-06
2.5972,99.99488076984862,0.9999488076984862,0.0003530065711167636,1.5703532857116738,0.0,0.0030778166394190725,0.0,0.0012665912135506308,0.0,0.0003937589289426416,0.0,2.5820259170443207e-05,0.0,3.6658526940686677e-06
2.6453,99.99571516613815,0.9999571516613815,0.0003530154818934869,1.5147850235675495,0.0,0.002539156151625723,0.0,0.0010449202291950746,0.0,0.0003248456684692338,0.0,2.1301356175866522e-05,0.0,3.024288014311581e-06
2.6934,99.99640366395717,0.9999640366395717,0.00035302283459583345,1.461173571141386,0.0,0.0020946832143009476,0.0,0.0008620095541978939,0.0,0.0002679822456536456,0.0,1.7572606686391063e-05,0.0,2.4949009158372244e-06
2.7415,99.99697135472341,0.9999697135472342,0.00035302889717524287,1.4094516609390821,0.0,0.0017281995818075862,0.0,0.0007111932442124356,0.0,0.00022109634570879,0.0,1.4498121316934352e-05,0.0,2.0583998807955046e-06
2.7896,99.99743979360208,0.9999743979360208,0.0003530338998158008,1.359554096778016,0.0,0.0014257899045012504,0.0,0.0005867448171113208,0.0,0.00018240771533233952,0.0,1.1961161848521775e-05,0.0,1.6982128305650526e-06
2.8377,99.99782647831462,0.9999782647831462,0.0003530380293767692,1.311417672272926,0.0,0.0011761581932357623,0.0,0.0004840157175610107,0.0,0.00015047120770326925,0.0,9.866964508844988e-06,0.0,1.400886509269876e-06
2.8858,99.99814527309753,0.9999814527309754,0.00035304143391862023,1.2649811488065155,0.0,0.0009703541247993938,0.0,0.00039932268520814665,0.0,0.00012414176749502232,0.0,8.140443816075121e-06,0.0,1.1557607508836516e-06
2.9339,99.99840817152352,0.9999840817152352,0.00035304424152292113,1.2201852668854432,0.0,0.0008006350187415734,0.0,0.0003294794316970938,0.0,0.00010242883882370436,0.0,6.716645230810705e-06,0.0,9.536139788155379e-07
2.982,99.99862531111984,0.9999862531111984,0.000353046560449881,1.1769727105420549,0.0,0.0006604564002637748,0.0,0.0002717927573609654,0.0,8.449515775886639e-05,0.0,5.5406660999766765e-06,0.0,7.866517363994909e-07
3.0301,99.99880444245316,0.9999880444245316,0.0003530484734711793,1.1352880409287407,0.0,0.0005448147428714984,0.0,0.00022420359790322424,0.0,6.970060045203424e-05,0.0,4.570531170453831e-06,0.0,6.48914484315516e-07
3.0782,99.99895203949062,0.9999895203949062,0.0003530500497248208,1.0950776690109028,0.0,0.0004495306532758359,0.0,0.00018499203840464262,0.0,5.751047824170837e-05,0.0,3.7711789149672866e-06,0.0,5.354243323816473e-07
3.1263,99.99907379283613,0.9999907379283612,0.0003530513499825267,1.0562898034636925,0.0,0.00037093045319382015,0.0,0.0001526462770624118,0.0,4.7454801079863926e-05,0.0,3.1117902645395624e-06,0.0,4.418057971978186e-07
3.1743,99.99917444428229,0.9999917444428229,0.0003530524248834525,1.0188744096888076,0.0,0.0003059529876424899,0.0,0.00012590657928477787,0.0,3.9141941795479084e-05,0.0,2.566684697362759e-06,0.0,3.644129198796008e-07
3.2224,99.9992574621536,0.9999925746215359,0.0003530533114676212,0.9827831849417836,0.0,0.00025235921353163174,0.0,0.00010385152819994604,0.0,3.228544929012274e-05,0.0,2.117078612253451e-06,0.0,3.0057880399722095e-07
3.2705,99.99932580967574,0.9999932580967574,0.00035305404138064517,0.9479694747631703,0.0,0.0002082361639257961,0.0,8.569389462277498e-05,0.0,2.6640588994343795e-05,0.0,1.7469238718785994e-06,0.0,2.4802497093873284e-07
3.3186,99.99938214112588,0.9999938214112588,0.00035305464296860197,0.9143882070084044,0.0,0.00017187031936249198,0.0,7.072852649927642e-05,0.0,2.1988142802181918e-05,0.0,1.4418454745304795e-06,0.0,2.0471052188349152e-07
3.3667,99.99942875966275,0.9999942875966275,0.0003530551408277587,0.8819958719964448,0.0,0.0001417748314866625,0.0,5.8343552057004826e-05,0.0,1.813789188275744e-05,0.0,1.1893699442585424e-06,0.0,1.6886455081281036e-07
3.4148,99.99946729109935,0.9999946729109935,0.00035305555232101543,0.850750492312645,0.0,0.00011690012574741836,0.0,4.810704762730125e-05,0.0,1.495555923895813e-05,0.0,9.806922929830687e-07,0.0,1.392369206671226e-07
3.4629,99.99949900218941,0.9999949900218941,0.00035305589097668947,0.8206115958546509,0.0,9.642842531421078e-05,0.0,3.968247954743906e-05,0.0,1.2336522459211045e-05,0.0,8.0895219748533e-07,0.0,1.1485358263888033e-07
3.511,99.99952506226956,0.9999952506226956,0.0003530561692826614,0.7915400673072619,0.0,7.96048425922928e-05,0.0,3.275919448627479e-05,0.0,1.018420536174941e-05,0.0,6.678167983145464e-07,0.0,9.481541072560681e-08
3.5591,99.99954654522236,0.9999954654522236,0.00035305639870735075,0.7634981402283261,0.0,6.573611187653878e-05,0.0,2.705189790364382e-05,0.0,8.409915884922886e-06,0.0,5.514700613556589e-07,0.0,7.829669084604943e-08
3.6072,99.99956436523318,0.9999956436523318,0.0003530565888642638,0.7364493665207906,2.7571269173610228e-08,5.4213441505698826e-05,4.6935383552837986e-08,2.22637436646432e-05,0.0,6.945078140651748e-06,0.0,4.5503595650033873e-07,0.0,6.460530010300374e-08
3.6553,99.99957905859196,0.9999957905859196,0.0003530567454866066,0.7103586168144731,9.078280097135673e-08,4.46824319507102e-05,1.5454283468809223e-07,1.8239178751924635e-05,0.0,5.745128635099794e-06,0.0,3.7560732314970666e-07,0.0,5.332843117224224e-08
3.7034,99.9995911162883,0.999995911162883,0.0003530568743630805,0.6851920775460911,9.124239249329551e-08,3.6891358630626054e-05,1.553253517088355e-07,1.5040101065188165e-05,0.0,4.744245471009069e-06,0.0,3.1025110447370047e-07,0.0,4.4049155148960855e-08
3.7515,99.99960100988727,0.9999960100988727,0.0003530569805761851,0.660917051962023,0.0,3.0564054605986746e-05,0.0,1.2596278840081776e-05,0.0,3.9013314716239174e-06,0.0,2.5639032189793733e-07,0.0,3.6401505999497443e-08
3.7996,99.9996091851146,0.9999960918511459,0.00035305706838785266,0.6375019517185468,0.0,2.5398811229366637e-05,0.0,1.0691296009091609e-05,0.0,3.2026700428703715e-06,0.0,2.1186189492343578e-07,0.0,3.0078724793450436e-08
3.8477,99.99961606185653,0.9999961606185653,0.00035305714123944743,0.6149162968818416,0.0,2.1068378145374357e-05,0.0,8.962552201542098e-06,0.0,2.6619251733561897e-06,0.0,1.7491664112661832e-07,0.0,2.4833259703679253e-08
3.8958,99.99962186428334,0.9999962186428334,0.00035305720160224,0.593130719378509,0.0,1.7382035627480906e-05,0.0,7.305397829937437e-06,0.0,2.2358182950838264e-06,0.0,1.688210021724373e-07,1.7092833621859023e-10,2.0152342436538054e-08
3.9439,99.99962667463393,0.9999962667463393,0.00035305725251128883,0.5721169082645243,0.0,1.4339992683067158e-05,0.0,5.979963453405283e-06,0.0,1.8539471994946077e-06,0.0,1.7774423701685486e-07,0.0,1.8480208503416305e-08
3.992,99.99963063103856,0.9999963063103856,0.0003530572979654448,0.5518475318638205,0.0,1.1830342708717943e-05,0.0,4.909169242259756e-06,0.0,1.529332362438852e-06,0.0,1.2874215696844486e-07,0.0,1.6053450800465467e-08
4.0401,99.99963387726613,0.9999963387726614,0.0003530573365593995,0.5322962271791255,0.0,9.759912522202359e-06,0.0,4.037492067036875e-06,0.0,1.2593789573396305e-06,0.0,9.712243116745413e-08,0.0,1.3466928971987553e-08
4.0882,99.99963654501879,0.9999963654501879,0.00035305736846111724,0.5134375640981611,0.0,8.051821938162648e-06,0.0,3.32439391114627e-06,0.0,1.0368287399669268e-06,0.0,7.54536393480751e-08,0.0,1.1089290276122865e-08
4.1363,99.99963873999505,0.9999963873999504,0.00035305739444778026,0.49524701139441035,0.0,6.6426556874692264e-06,0.0,2.739221318077721e-06,0.0,8.538222940974237e-07,0.0,5.983715177679781e-08,0.0,9.047984859605127e-09
4.1844,99.99964054743673,0.9999964054743673,0.00035305741545608386,0.47770090581192437,0.0,5.48013476739496e-06,0.0,2.2581193345653785e-06,0.0,7.033798920235808e-07,0.0,4.813567261267165e-08,0.0,7.3512475705660975e-09
4.2325,99.99964203677104,0.9999964203677103,0.00035305743235619207,0.460776420065063,0.0,4.521043275088878e-06,0.0,1.862018200460889e-06,0.0,5.796805196852697e-07,0.0,3.9058657900051855e-08,0.0,5.968214638703513e-09
4.2806,99.99964326439145,0.9999964326439145,0.00035305744592621955,0.44445153589468317,0.0,3.729825272431047e-06,0.0,1.5356922884507466e-06,0.0,4.778805160113329e-07,0.0,3.1888579208814595e-08,0.0,4.847408067092517e-09
4.3287,99.99964427669735,0.9999964427669735,0.0003530574568008725,0.4287050125133331,0.0,3.0770353179852772e-06,0.0,1.2666688298445522e-06,0.0,3.9404544190360315e-07,0.0,2.6123726630106325e-08,0.0,3.9431423143723e-09
4.3768,99.99964511141427,0.9999964511141427,0.00035305746550279234,0.4135163640104022,0.0,2.5385515492203264e-06,0.0,1.0448847560633163e-06,0.0,3.2497679648546916e-07,0.0,2.1464724564924884e-08,0.0,3.212188146629059e-09
4.4248,99.99964579996139,0.9999964579996139,0.000353057472448121,0.3988658257129358,0.0,2.0942662816532652e-06,0.0,8.61948329254609e-07,0.0,2.6804094851735053e-07,0.0,1.7657875870682562e-08,0.0,2.621702207136014e-09
4.4729,99.99964636788134,0.9999964636788135,0.0003530574779724449,0.3847343365414433,0.0,1.7277559333853713e-06,0.0,7.110682914592757e-07,0.0,2.2109969649484864e-07,0.0,1.4541597562552574e-08,0.0,2.143327616025452e-09
4.521,99.99964683637107,0.9999964683637107,0.0003530574823454426,0.3711035074919537,0.0,1.4253812905587627e-06,0.0,5.8660710266339e-07,0.0,1.8238761064426633e-07,0.0,1.1983084452915931e-08,0.0,1.754840278443487e-09
4.5691,99.99964722287278,0.9999964722287278,0.00035305748578311604,0.35795560208746074,0.0,1.1759076401127018e-06,0.0,4.839278210970049e-07,0.0,1.5045601008909107e-07,0.0,9.877842470283115e-09,0.0,1.438649539928977e-09
4.6172,99.9996475416449,0.9999964754164491,0.00035305748845748994,0.3452735136225465,0.0,9.701389439227003e-07,0.0,3.9924290492089615e-07,0.0,1.2412354219238364e-07,0.0,8.146146811063373e-09,0.0,1.1808190812763503e-09
4.6653,99.99964780468189,0.9999964780468189,0.0003530574905113269,0.3330407364472297,0.0,8.003437454023759e-07,0.0,3.2936407298466276e-07,0.0,1.0239650050293591e-07,0.0,6.718131733987431e-09,0.0,9.700605127218517e-10
4.7134,99.99964802165975,0.9999964802165975,0.0003530574920567323,0.3212413551931047,0.0,6.602772677517185e-07,0.0,2.7172137666202493e-07,0.0,8.447484837526221e-08,0.0,5.541238534835477e-09,0.0,7.975677165224454e-10
4.7615,99.99964820064521,0.9999964820064521,0.00035305749318607715,0.30986001486004916,0.0,5.447341438552065e-07,0.0,2.2417177417489182e-07,0.0,6.969173512475651e-08,0.0,4.571051687568149e-09,0.0,6.561972983538182e-10
4.8096,99.9996483483466,0.9999964834834659,0.0003530574939754899,0.29888190315446533,0.0,4.4938558973177354e-07,0.0,1.8493299460181718e-07,0.0,5.7492661893053616e-08,0.0,3.770558457872763e-09,0.0,5.401198370561787e-10
4.8577,99.99964847016211,0.9999964847016212,0.000353057494484994,0.28829273813834755,0.0,3.7074688866748324e-07,0.0,1.5257109785976306e-07,0.0,4.74317207380039e-08,0.0,3.1105833592804694e-09,0.0,4.4480921958054884e-10
4.9058,99.99964857066023,0.9999964857066023,0.0003530574947653825,0.27807873751874185,0.0,3.058693977980253e-07,0.0,1.2587239647486127e-07,0.0,3.913147759616062e-08,0.0,2.566181612277826e-09,0.0,3.6644750819660604e-10
4.9539,99.99964865359266,0.9999964865359265,0.0003530574948580169,0.26822660909902973,0.0,2.523314577868435e-07,0.0,1.0384021084358428e-07,0.0,3.228201676619808e-08,0.0,2.116944034342813e-09,0.0,3.0195049532845523e-10
5.002,99.99964872198873,0.9999964872198873,0.0003530574947959006,0.2587235353115309,0.0,2.0817745895292667e-07,0.0,8.566979674403191e-08,0.0,2.6633144087722164e-08,0.0,1.7464883380989616e-09,0.0,2.4888479941292495e-10
5.0501,99.99964877842234,0.9999964877842235,0.0003530574946071303,0.24955714677952368,0.0,1.7174592671896308e-07,0.0,7.067737076030024e-08,0.0,2.1972265294452348e-08,0.0,1.440834547546493e-09,0.0,2.0517692348823932e-10
5.0982,99.99964882498824,0.9999964882498824,0.0003530574943144264,0.24071551553297724,0.0,1.4168458363075217e-07,0.0,5.830642971169519e-08,0.0,1.8126364889788196e-08,0.0,1.1886289217581257e-09,0.0,1.6916101772038454e-10
5.1463,99.99964886339086,0.9999964886339086,0.0003530574939361781,0.23218713805108274,0.0,1.1689314234575764e-07,0.0,4.8104183959002365e-08,0.0,1.4954675984110357e-08,0.0,9.80643563936444e-10,0.0,1.3949620423020492e-10
5.1944,99.99964889507964,0.9999964889507964,0.0003530574934880455,0.22396091323492406,0.0,9.643590902353602e-08,0.0,3.968556497624658e-08,0.0,1.2337485409844788e-08,0.0,8.090205611098118e-10,0.0,1.1503916286983398e-10
5.2425,99.99964892122588,0.9999964892122588,0.00035305749298262796,0.21602613711927873,0.0,7.955674665513375e-08,0.0,3.2739404681918104e-08,0.0,1.0178055479771951e-08,0.0,6.674159879881843e-10,0.0,9.487421653532908e-11
5.2906,99.99964894278877,0.9999964894278877,0.00035305749243021996,0.2083724855080102,0.0,6.563645026472338e-08,0.0,2.7010886609531893e-08,0.0,8.39716798410318e-09,0.0,5.506355521737459e-10,0.0,7.825495079897522e-11
5.3387,99.99964896058299,0.9999964896058299,0.0003530574918395716,0.20098999581746857,0.0,5.414906470479205e-08,0.0,2.228356666079146e-08,0.0,6.927534318241995e-09,0.0,4.542654121110123e-10,0.0,6.454638025488331e-11
5.3868,99.9996489752638,0.999996489752638,0.0003530574912177009,0.1938690624230738,0.0,4.4671596188789795e-08,0.0,1.8383373375936657e-08,0.0,5.715038710628708e-09,0.0,3.7475706340073367e-10,0.0,5.324060100718138e-11
5.4349,99.99964898737129,0.9999964898737129,0.00035305749057038715,0.1870004195392262,0.0,3.6855379637934917e-08,0.0,1.5166823189827468e-08,0.0,4.715074744955006e-09,0.0,3.091855071315504e-10,0.0,4.3919670281401357e-11
5.483,99.99964899736324,0.9999964899736323,0.00035305748990252956,0.18037512640931716,0.0,3.0404896149660246e-08,0.0,1.2512303097249729e-08,0.0,3.889835260054524e-09,0.0,2.5507131176643936e-10,0.0,3.622910175802903e-11
5.5311,99.99964900560633,0.9999964900560633,0.00035305748921804584,0.17398456298784004,0.0,2.5083410257598547e-08,0.0,1.0322391129182024e-08,0.0,3.2090335683910336e-09,0.0,2.1042850373283744e-10,0.0,2.9885819230694466e-11
5.5792,99.99964901240473,0.9999964901240473,0.00035305748852018377,0.16782041340935558,0.0,2.0694574857186474e-08,0.0,8.516285999303084e-09,0.0,2.6475500779647386e-09,0.0,1.7360988999106007e-10,0.0,2.4655163577276837e-11
5.6273,99.99964901801548,0.9999964901801548,0.00035305748781168736,0.16187465401365295,0.0,1.7072460827694163e-08,0.0,7.0257040699028625e-09,0.0,2.1841567212023996e-09,0.0,1.4322341654344503e-10,0.0,2.033877646915246e-11
5.6754,99.99964902264387,0.9999964902264387,0.00035305748709474577,0.15613954916449346,0.0,1.4084514975821144e-08,0.0,5.796096710713849e-09,0.0,1.801895359409703e-09,0.0,1.1815708529741444e-10,0.0,1.677847622899089e-11
5.7234,99.99964902646121,0.9999964902646121,0.00035305748637118453,0.15060763554053122,0.0,1.162015217327013e-08,0.0,4.781955635294983e-09,0.0,1.4866183359212899e-09,0.0,9.748317814080614e-11,0.0,1.3842309214406718e-11
5.7715,99.99964902961176,0.9999964902961176,0.00035305748564253995,0.14527171255271598,0.0,9.586253066335096e-09,0.0,3.944960113828257e-09,0.0,1.226412472996109e-09,0.0,8.042049427993059e-11,0.0,1.1419155341689083e-11
5.8196,99.99964903221054,0.9999964903221055,0.00035305748491003546,0.14012483818836344,0.0,7.908561335409804e-09,0.0,3.2545519920400024e-09,0.0,1.0117778227337573e-09,0.0,6.63460889067164e-11,0.0,9.420487345688263e-12
5.8677,99.99964903435402,0.9999964903435402,0.0003530574841746965,0.13516031428453398,0.0,6.524793055158456e-09,0.0,2.685100024119169e-09,0.0,8.347461219693369e-10,0.0,5.473745212304872e-11,0.0,7.77204893517496e-12
5.9158,99.99964903612312,0.9999964903612312,0.00035305748343738197,0.13037167892796483,0.0,5.38271986252178e-09,0.0,2.21511105523351e-09,0.0,6.886355615702366e-10,0.0,4.515643098914551e-11,0.0,6.411573076831158e-12
5.9639,99.9996490375823,0.999996490375823,0.0003530574826987752,0.12575270226693633,0.0,4.440718604219923e-09,0.0,1.8274562160923214e-09,0.0,5.681211036523588e-10,0.0,3.7253843240054996e-11,0.0,5.289460584283616e-12
6.012,99.9996490387859,0.9999964903878591,0.00035305748195945123,0.12129737287066704,0.0,3.6637111328751928e-09,0.0,1.5077000549186778e-09,0.0,4.687150430348094e-10,0.0,3.0735412919987114e-11,0.0,4.363909376738878e-12
6.0601,99.99964903977927,0.9999964903977927,0.0003530574812198892,0.11699989174841359,0.0,3.022420402596813e-09,0.0,1.2437944044761446e-09,0.0,3.8667183564110796e-10,0.0,2.5355530328957194e-11,0.0,3.600031640603172e-12
6.1082,99.99964904059858,0.9999964904059858,0.00035305748048046986,0.11285466811042476,0.0,2.49349907860353e-09,0.0,1.0261313081288222e-09,0.0,3.1900455177831386e-10,0.0,2.0918331330370705e-11,0.0,2.970012467598464e-12
6.1563,99.99964904127442,0.9999964904127442,0.0003530574797415148,0.10885630686776289,0.0,2.0571938932479654e-09,0.0,8.465818491127508e-10,0.0,2.6318606708623873e-10,0.0,1.7258102805261693e-11,0.0,2.4503178639106325e-12
6.2044,99.99964904183221,0.9999964904183222,0.00035305747900329004,0.1049996039784974,0.0,1.6971027766535902e-09,0.0,6.983962044032576e-10,0.0,2.1711799101370479e-10,0.0,1.4237245333340762e-11,0.0,2.021407081374473e-12
6.2525,99.99964904229225,0.9999964904229225,0.00035305747826600703,0.10127954210645129,0.0,1.400120068959667e-09,0.0,5.761810983477363e-10,0.0,1.7912365752093176e-10,0.0,1.1745813619637728e-11,0.0,1.6676684249527007e-12
6.3006,99.99964904267175,0.9999964904267175,0.00035305747752984454,0.09769127933087263,0.0,1.1551246441068343e-09,0.0,4.75359935853002e-10,0.0,1.4778029093864548e-10,0.0,9.690510889141458e-12,0.0,1.3758539062799805e-12
6.3487,99.99964904298496,0.9999964904298495,0.00035305747679494916,0.09423014556184185,0.0,9.52931483302095e-10,0.0,3.9215287379002576e-10,0.0,1.219128105056858e-10,0.0,7.994282659694284e-12,0.0,1.1350221837405564e-12
6.3968,99.99964904324325,0.9999964904324325,0.0003530574760614375,0.0908916380326348,0.0,7.861790495123321e-10,0.0,3.235304730521132e-10,0.0,1.0057942167454157e-10,0.0,6.595371915174511e-12,0.0,9.364045673450632e-13
6.4449,99.99964904345636,0.9999964904345636,0.0003530574753294077,0.08767141130213708,0.0,6.486077734690264e-10,0.0,2.669167792064513e-10,0.0,8.297930959767876e-11,0.0,5.441266204506179e-12,0.0,7.725448776092838e-13
6.493,99.99964904363222,0.9999964904363222,0.00035305747459893973,0.0845652744727884,0.0,5.350759278974753e-10,0.0,2.2019585510236434e-10,0.0,6.845466998013415e-11,0.0,4.488830818983498e-12,0.0,6.373185714253444e-13
6.5411,99.99964904377725,0.9999964904377725,0.00035305747387009674,0.08156918652779073,0.0,4.414460979095128e-10,0.0,1.816650608684135e-10,0.0,5.6476184725923116e-11,0.0,3.703356375846977e-12,0.0,5.257975147222856e-13
6.5892,99.99964904389692,0.9999964904389692,0.0003530574731429318,0.07867924762356177,0.0,3.641960508440224e-10,0.0,1.4987491804298863e-10,0.0,4.659323876977996e-11,0.0,3.0552943458002418e-12,0.0,4.337862961994055e-13
6.6373,99.99964904399567,0.9999964904399568,0.0003530574724174873,0.07589169689763614,0.0,3.0044808915453115e-10,0.0,1.2364118895256877e-10,0.0,3.843767532205404e-11,0.0,2.5205032999125163e-12,0.0,3.578572615453217e-13
6.6854,99.9996490440771,0.999996490440771,0.00035305747169379653,0.0732029076974861,0.0,2.478756852817742e-10,0.0,1.0200645484851802e-10,0.0,3.1711851248229446e-11,0.0,2.079465655690176e-12,0.0,2.952392926189259e-13
6.7335,99.9996490441443,0.999996490441443,0.00035305747097188713,0.07060938009830342,0.0,2.0449734977170947e-10,0.0,8.41552879719268e-11,0.0,2.616226569073881e-11,0.0,1.715558405992086e-12,0.0,2.4357223627555294e-13
6.7816,99.99964904419974,0.9999964904419975,0.0003530574702517806,0.06810773912989558,0.0,1.687022380580493e-10,0.0,6.942478932431426e-11,0.0,2.1582836059373735e-11,0.0,1.415267938337245e-12,0.0,2.0093742719935776e-13
6.8297,99.99964904424547,0.9999964904424548,0.00035305746953349335,0.0656947300908456,0.0,1.3918376846597923e-10,0.0,5.727727097366275e-11,0.0,1.7806405484035082e-11,0.0,1.1676331465066411e-12,0.0,1.6577861350697702e-13
6.8778,99.9996490442832,0.999996490442832,0.0003530574688170387,0.06336721195652653,0.0,1.1482693183200905e-10,0.0,4.725388141235461e-11,0.0,1.469032582767015e-11,0.0,9.63300054281431e-13,0.0,1.3676772002132316e-13
6.9259,99.99964904431434,0.9999964904431434,0.00035305746810242655,0.061122155940133434,0.0,9.472768279837508e-11,0.0,3.898258551373707e-11,0.0,1.2118938501679578e-11,0.0,7.946844919166717e-13,0.0,1.1282795221800886e-13
6.9739,99.99964904434002,0.9999964904434002,0.00035305746738966386,0.0589566411727436,0.0,7.815281963024991e-11,0.0,3.216165416882863e-11,0.0,9.998441710515131e-12,0.0,6.556355220033771e-13,0.0,9.308600713659875e-14
7.022,99.99964904436119,0.9999964904436119,0.00035305746667875596,0.05686784869356377,0.0,6.447541005701311e-11,0.0,2.653309055844248e-11,0.0,8.248629189151962e-12,0.0,5.408937173229008e-13,0.0,7.679515650600439e-14
7.0701,99.99964904437869,0.9999964904437868,0.00035305746596970617,0.054853060081297145,0.0,5.31850992803261e-11,0.0,2.1886872131821744e-11,0.0,6.804208952898801e-12,0.0,4.461776362558143e-13,0.0,6.334752656656426e-14
7.1182,99.9996490443931,0.9999964904439309,0.0003530574652625161,0.0529096550329168,0.0,4.387891174752637e-11,0.0,1.805716532820033e-11,0.0,5.613626526901867e-12,0.0,3.681066575019422e-13,0.0,5.2263141933018854e-14
7.1663,99.99964904440498,0.9999964904440497,0.00035305746455718655,0.05103510370498163,0.0,3.620650381905663e-11,0.0,1.4899795810311656e-11,0.0,4.632060873670386e-12,0.0,3.037416966349682e-13,0.0,4.312471549024238e-14
7.2144,99.9996490444148,0.999996490444148,0.0003530574638537174,0.04922696549279997,0.0,2.986894331490726e-11,0.0,1.2291746220126599e-11,0.0,3.821268254961174e-12,0.0,2.5057496753876404e-13,0.0,3.557619500250189e-14
7.2625,99.9996490444229,0.999996490444229,0.00035305746315210737,0.047482888301731335,0.0,2.4639165141216802e-11,0.0,1.0139574132188035e-11,0.0,3.1521992120796636e-12,0.0,2.0670158767727325e-13,0.0,2.93471285629869e-14
7.3106,99.99964904442957,0.9999964904442957,0.0003530574624523545,0.04580060340526643,0.0,2.0329164673933893e-11,0.0,8.365911388450214e-12,0.0,2.60080146791169e-12,0.0,1.7054435855173437e-13,0.0,2.421358817467098e-14
7.3587,99.99964904443509,0.9999964904443509,0.00035305746175445666,0.04417792056712753,0.0,1.6774083583316803e-11,0.0,6.902915054862947e-12,0.0,2.145983954878658e-12,0.0,1.4072025933668686e-13,0.0,1.9979214720640927e-14
7.4068,99.99964904443964,0.9999964904443963,0.00035305746105841106,0.04261272633525528,0.0,1.3833944365869918e-11,0.0,5.692981220522608e-12,0.0,1.7698387214071165e-12,0.0,1.1605499812472057e-13,0.0,1.6477284087907986e-14
7.4549,99.9996490444434,0.9999964904444341,0.00035305746036421446,0.04110298606258877,0.0,1.1407800892205987e-11,0.0,4.694568268397491e-12,0.0,1.459451275152163e-12,0.0,9.570172295994117e-14,0.0,1.3587561764695334e-14
7.503,99.99964904444649,0.9999964904444648,0.0003530574596718632,0.03964673689634685,0.0,9.41249724930417e-12,0.0,3.8734556581498485e-12,0.0,1.2041831061616855e-12,0.0,7.896282663319808e-14,0.0,1.1211002715524265e-14
7.5511,99.99964904444903,0.9999964904444902,0.0003530574589813538,0.038242082501100776,0.0,7.771578093569865e-12,0.0,3.198180285419737e-12,0.0,9.942529384700506e-13,0.0,6.519691399881776e-14,0.0,9.256542739651215e-15
7.5992,99.99964904445113,0.9999964904445113,0.0003530574582926822,0.03688719304373169,0.0,6.4153186464933296e-12,0.0,2.640048825717473e-12,0.0,8.20740567577635e-13,0.0,5.381905361260113e-14,0.0,7.64113419883713e-15
7.6473,99.99964904445287,0.9999964904445287,0.00035305745760584465,0.03558030423053739,0.0,5.2905377513716946e-12,0.0,2.1771760293710675e-12,0.0,6.768422889280409e-13,0.0,4.438310091195118e-14,0.0,6.3014342521992625e-15
7.6954,99.9996490444543,0.999996490444543,0.0003530574569208366,0.03431971813524821,0.0,4.362871550085934e-12,0.0,1.7954203909818357e-12,0.0,5.581617795881829e-13,0.0,3.660077242939989e-14,0.0,5.196512973670334e-15
7.7435,99.99964904445548,0.9999964904445549,0.00035305745623765377,0.03310379543174837,0.0,3.600099334848382e-12,0.0,1.4815223600199036e-12,0.0,4.605768994903522e-13,0.0,3.020176390028706e-14,0.0,4.287993040954939e-15
7.7916,99.99964904445646,0.9999964904445646,0.0003530574555562918,0.031930952566974875,0.0,2.9726200829343968e-12,0.0,1.2233004456520591e-12,0.0,3.8030065667076415e-13,0.0,2.4937747981124844e-14,0.0,3.540617367304332e-15
7.8397,99.99964904446172,0.9999964904446172,0.00035305745487674623,0.03079966152122252,7.108861978911348e-12,0.0,1.2085808284322902e-11,0.0,0.0,2.1442518599358154e-12,0.0,2.0568061012540187e-14,0.0,2.920216932933553e-15
7.8878,99.99964904455811,0.9999964904455811,0.0003530574541990132,0.029708445314816645,1.6960044175519672e-10,0.0,2.883398113523025e-10,0.0,0.0,4.145129144591429e-11,0.0,1.6634789206557807e-14,0.0,2.3617779264254897e-15
7.9359,99.999649044642,0.99999649044642,0.0003530574535230873,0.02865588955208483,3.410350862732633e-10,0.0,5.797981252868503e-10,0.0,0.0,7.567948741120438e-11,0.0,1.3386255586528992e-14,0.0,1.9005568434606658e-15
7.984,99.99964904460683,0.9999964904460683,0.0003530574528489632,0.0276406294536963,3.4170721977131793e-10,0.0,5.809410820006245e-10,0.0,0.0,6.099724805776917e-11,0.0,1.111886459268571e-14,0.0,1.5786366904967985e-15
8.0321,99.99964904444258,0.9999964904444257,0.00035305745217663597,0.02666134428207792,1.1231666664022373e-10,0.0,1.9095168491422634e-10,0.0,0.0,0.0,0.0,9.84609055129032e-15,0.0,1.3979305349301828e-15
8.0802,99.9996490442358,0.9999964904423579,0.0003530574515061014,0.025716757341414296,0.0,2.868107318110617e-10,0.0,6.559697747575392e-10,0.0,0.0,0.0,9.298477674635563e-15,0.0,1.3201815050956892e-15
8.1283,99.99964904416964,0.9999964904416965,0.0003530574508373557,0.024805635977647622,0.0,6.721331835881677e-10,0.0,1.3617523702084402e-09,0.0,0.0,0.0,8.923640061044549e-15,0.0,1.2669627902667623e-15
8.1764,99.99964904451953,0.9999964904451953,0.00035305745017039477,0.023926791598903704,0.0,7.46859258817964e-10,0.0,1.2223150101757904e-09,0.0,2.642767167075405e-11,0.0,0.0,0.0,4.0756765272492884e-15
8.2244,99.9996490450223,0.999996490450223,0.00035305744950522465,0.02307908209379757,0.0,6.161225833725345e-10,0.0,6.236677799299575e-10,0.0,2.5646785543831195e-10,0.0,0.0,0.0,1.3718290347585068e-13
8.2725,99.99964904529934,0.9999964904529933,0.0003530574488421091,0.022261406521551053,0.0,5.083049046511704e-10,0.0,5.852909390921865e-10,0.0,1.1810584826908695e-10,0.0,3.93136296682641e-12,0.0,7.121992790766692e-14
8.3206,99.99964904551594,0.9999964904551594,0.0003530574481808174,0.02147270062635361,0.0,4.1936974728485186e-10,0.0,6.304905091049298e-10,0.0,0.0,0.0,1.0622181846365543e-11,0.0,6.004074982451946e-14
8.3687,99.99964904578803,0.9999964904578803,0.0003530574475213323,0.02071193783654236,0.0,3.4596022508509417e-10,0.0,3.2576609841586176e-10,0.0,5.073317467203954e-11,0.0,4.244232212150193e-12,0.0,2.961087338383624e-13
8.4168,99.99964904588892,0.9999964904588892,0.0003530574468639657,0.019978128487967758,0.0,2.8541727275124167e-10,0.0,2.943021140609134e-10,0.0,4.181266510154922e-11,0.0,4.3506039327656874e-12,0.0,2.4116416010149104e-13
8.4649,99.99964904593422,0.9999964904593422,0.0003530574462082891,0.019270317515104874,0.0,2.354805323538484e-10,0.0,3.392732560645243e-10,0.0,0.0,0.0,5.951096822284726e-12,0.0,1.402955856176416e-13
8.513,99.99964904608161,0.9999964904608162,0.00035305744555415145,0.01858758363755248,0.0,1.9426253709937468e-10,0.0,1.7850841331019471e-10,0.0,5.832030058104932e-11,0.0,2.0771221130731852e-12,0.0,2.5076945926100543e-13
8.5611,99.99964904615544,0.9999964904615544,0.0003530574449019053,0.01792903865057396,0.0,1.6026625005397584e-10,0.0,1.6392782025573142e-10,0.0,3.241337187902216e-11,0.0,2.795305474036008e-12,0.0,1.960315169265355e-13
8.6092,99.99964904620452,0.9999964904620452,0.00035305744425130706,0.01729382546510322,0.0,1.3222372436094948e-10,0.0,1.802876124437204e-10,0.0,0.0,0.0,4.169266917143987e-12,0.0,1.2896766120044773e-13
8.6573,99.9996490462842,0.999996490462842,0.00035305744360232175,0.01668111731179479,0.0,1.0907932677217063e-10,0.0,9.490538764322927e-11,0.0,2.503852427629657e-11,0.0,1.620223477190838e-12,0.0,1.8827078142755715e-13
8.7054,99.99964904631649,0.999996490463165,0.0003530574429551322,0.016090117089208676,0.0,8.9990799636737e-11,0.0,9.38027986614353e-11,0.0,1.273771363277693e-11,0.0,1.8861358247942734e-12,0.0,1.3849734714120264e-13
8.7535,99.99964904634105,0.9999964904634104,0.0003530574423095706,0.015520055587321615,0.0,7.424434091722745e-11,0.0,9.675811323766009e-11,0.0,7.02532012604857e-13,0.0,2.1994030253254897e-12,0.0,9.769159126713441e-14
8.8016,99.9996490463843,0.9999964904638431,0.00035305744166564963,0.01497019085769022,0.0,6.124852670149929e-11,0.0,5.129529985275073e-11,0.0,1.725929542415379e-11,0.0,8.063032045054324e-13,0.0,1.2173651991342083e-13
8.8497,99.99964904640278,0.9999964904640278,0.00035305744102346687,0.014439807559311143,0.0,5.053052905199246e-11,0.0,5.3883484918308574e-11,0.0,6.632723554138795e-12,0.0,1.137789364543186e-12,0.0,8.488686575402105e-14
8.8978,99.99964904641953,0.9999964904641954,0.00035305744038292505,0.013928215353427663,0.0,4.1688612222484766e-11,0.0,5.24970443893207e-11,0.0,0.0,0.0,1.2557301979589218e-12,0.0,6.331013854396061e-14
8.9459,99.99964904644324,0.9999964904644324,0.00035305743974404716,0.013434748412045576,0.0,3.439139295280451e-11,0.0,2.8161007620685367e-11,0.0,8.688406129727965e-12,0.0,4.875471024866711e-13,0.0,7.370815468809016e-14
8.994,99.99964904645198,0.9999964904645198,0.0003530574391068789,0.01295876476011863,0.0,2.8373311957303186e-11,0.0,3.108734172117171e-11,0.0,2.8656731106212237e-12,0.0,6.799840016823338e-13,0.0,4.974219387441465e-14
9.0421,99.99964904646149,0.9999964904646148,0.00035305743847136235,0.012499644849339762,0.0,2.3408377603363378e-11,0.0,2.857023832754291e-11,0.0,8.843796894394868e-13,0.0,6.572785090543248e-13,0.0,3.87990455862526e-14
9.0902,99.99964904647446,0.9999964904647446,0.0003530574378375175,0.012056791164331606,0.0,1.931095316888726e-11,0.0,1.556249684388419e-11,0.0,5.415138743443622e-12,0.0,2.5083846507395745e-13,0.0,4.285890318056767e-14
9.1383,99.99964904647943,0.9999964904647943,0.00035305743720536424,0.011629627568639458,0.0,1.5931842019041766e-11,0.0,1.7893318051622344e-11,0.0,1.357100280665482e-12,0.0,4.00609734568016e-13,0.0,2.8013661822656292e-14
9.1864,99.99964904648539,0.9999964904648538,0.0003530574365748681,0.011217598047065264,0.0,1.3143935593364929e-11,0.0,1.563455495940066e-11,0.0,4.880139406884369e-13,0.0,3.642585413409486e-13,0.0,2.2868627095373787e-14
9.2345,99.9996490464925,0.9999964904649249,0.00035305743594604217,0.010820166387197886,0.0,1.0843222089216226e-11,0.0,8.669303928186704e-12,0.0,2.856424561927622e-12,0.0,1.4605483568476536e-13,0.0,2.448677382564034e-14
9.2826,99.99964904649497,0.9999964904649496,0.0003530574353188933,0.010436815536173635,0.0,8.94586225928051e-12,0.0,1.0300923730301343e-11,0.0,5.839158002395864e-13,0.0,2.33318079048713e-13,0.0,1.565364959292998e-14
9.3307,99.9996490464984,0.9999964904649841,0.0003530574346934001,0.010067046500064162,0.0,7.380391572573004e-12,0.0,8.561137312133728e-12,0.0,4.79496897301803e-13,0.0,1.9258149091151665e-13,0.0,1.3280475908844018e-14
9.3788,99.99964904650231,0.9999964904650231,0.00035305743406956983,0.009710378079808277,0.0,6.088535079068354e-12,0.0,4.842179474174658e-12,0.0,1.6971558917519606e-12,0.0,7.792072791829472e-14,0.0,1.3825920907269382e-14
9.4269,99.99964904650372,0.9999964904650372,0.00035305743344740334,0.009366346246492014,0.0,5.0231741550868315e-12,0.0,5.907512720032465e-12,0.0,2.4893288140984763e-13,0.0,1.3607522704847733e-13,0.0,8.637704960575277e-15
9.4749,99.9996490465058,0.9999964904650579,0.00035305743282688663,0.009034503180666283,0.0,4.1441329466318e-12,0.0,4.706218813269659e-12,0.0,2.7942996093797193e-13,0.0,1.0612929594734126e-13,0.0,7.621415817880997e-15
9.523,99.99964904650793,0.9999964904650792,0.0003530574322080227,0.008714417051014611,0.0,3.4187539395080956e-12,0.0,2.7173276029209625e-12,0.0,9.116377513426537e-13,0.0,4.503561083369463e-14,0.0,7.77113978183393e-15
9.5711,99.99964904650865,0.9999964904650865,0.00035305743159080947,0.008405671414166883,0.0,2.820554030142e-12,0.0,3.3847594560055824e-12,0.0,9.984490466642339e-14,0.0,7.837277527755252e-14,0.0,4.777098089125388e-15
9.6192,99.99964904650984,0.9999964904650984,0.0003530574309752372,0.008107864378748783,0.0,2.3269542813871106e-12,0.0,2.5874381756972824e-12,0.0,2.074799181348706e-13,0.0,5.6655153705297517e-14,0.0,4.356320421078561e-15
9.6673,99.99964904651102,0.9999964904651102,0.0003530574303613061,0.007820608415844173,0.0,1.919652407946701e-12,0.0,1.5253226891354792e-12,0.0,5.296455628082543e-13,0.0,2.4549638989761705e-14,0.0,4.35505113385678e-15
9.7154,99.99964904651144,0.9999964904651144,0.00035305742974901273,0.007543529788323951,0.0,1.58376382473562e-12,0.0,1.9302870333906384e-12,0.0,3.487307597675942e-14,0.0,4.529065227517391e-14,0.0,2.633178500376029e-15
9.7635,99.99964904651215,0.9999964904651215,0.0003530574291383498,0.00727626782282169,0.0,1.3065994007422215e-12,0.0,1.4289194041103845e-12,0.0,1.1829666745028644e-13,0.0,3.133465868039608e-14,0.0,2.476245761473609e-15
9.8116,99.99964904651279,0.9999964904651278,0.00035305742852931565,0.007018474746066369,0.0,1.077898736303704e-12,0.0,8.589285689215867e-13,0.0,2.8594753249732167e-13,0.0,1.4181048094669938e-14,0.0,2.4373821368039156e-15
9.8597,99.999649046513,0.99999649046513,0.0003530574279219063,0.006769815147808161,0.0,8.892964487057033e-13,0.0,1.0996222620253302e-12,0.0,1.1311858598252785e-14,0.0,2.5829212478433302e-14,0.0,1.4584187239356203e-15
9.9078,99.99964904651338,0.9999964904651338,0.00035305742731611575,0.00652996533210757,0.0,7.336513954345852e-13,0.0,7.960306107758896e-13,0.0,1.0525265660669306e-13,0.0,1.55606588781993e-14,0.0,1.4312713626294154e-15
9.9559,99.9996490465137,0.999996490465137,0.00035305742671194116,0.006298613185890803,0.0,6.05193764232269e-13,0.0,4.239508341489025e-13,0.0,3.0557540457810806e-13,0.0,7.687994772192096e-17,0.0,1.5578715665768031e-15
10.004,99.99964904651397,0.9999964904651396,0.0003530574261093793,0.006075457792449862,0.0,4.9931041208116e-13,0.0,4.562116507685738e-13,0.0,1.0586186130677756e-13,0.0,7.74754096604753e-15,0.0,1.0249707010277474e-15
10.0521,99.99964904651424,0.9999964904651424,0.0003530574255084248,0.005860208641801327,0.0,4.119899653986278e-13,0.0,5.503200426037255e-13,0.0,0.0,0.0,1.9215236413774286e-14,0.0,5.27681142594101e-16
10.1002,99.99964904651448,0.9999964904651448,0.00035305742490907233,0.00565258551302349,0.0,3.398628278282688e-13,0.0,3.001887749063014e-13,0.0,0.0,0.0,8.822580871931912e-15,0.0,7.797750085414023e-16
10.1483,99.99964904651459,0.9999964904651459,0.00035305742431131947,0.00545231836144338,0.0,2.8036766850315294e-13,0.0,1.9431886978915011e-13,0.0,0.0,0.0,3.4416203712768937e-15,0.0,7.392812362282557e-16
10.1964,99.99964904651459,0.9999964904651459,0.00035305742371516185,0.005259146610212751,0.0,2.313307029840173e-13,0.0,2.5882610968293474e-13,0.0,0.0,0.0,3.2766531774970733e-15,0.0,4.4374603979227615e-16
10.2445,99.99964904651465,0.9999964904651465,0.0003530574231205943,0.005072818746057525,0.0,1.908585958789311e-13,0.0,2.2660310788359347e-13,0.0,0.0,0.0,2.451722972349321e-15,0.0,2.9133260378255724e-16
10.2926,99.9996490465147,0.999996490465147,0.0003530574225276126,0.004893092147995745,0.0,1.5739648291950584e-13,0.0,1.1271975752880003e-13,0.0,7.330508824708812e-14,0.0,0.0,0.0,3.231274460015447e-16
10.3407,99.99964904651475,0.9999964904651475,0.0003530574219362133,0.004719733268754665,0.0,1.2981729245182116e-13,0.0,6.075438015266502e-14,0.0,1.0659209067524842e-13,0.0,0.0,0.0,2.797970940097595e-16
10.3888,99.99964904651483,0.9999964904651484,0.00035305742134639223,0.004552516566089369,0.0,1.0713480760759428e-13,0.0,7.283561533545918e-14,0.0,2.627642793926853e-14,0.0,8.434565988568821e-16,0.0,1.283516208561635e-16
10.4369,99.99964904651495,0.9999964904651495,0.00035305742075814506,0.004391224244665905,0.0,8.845154161965809e-14,0.0,1.005893662660167e-13,0.0,0.0,0.0,5.94818632453967e-15,0.0,3.0957933310807993e-18
10.485,99.999649046515,0.99999649046515,0.00035305742017146705,0.004235646220622927,0.0,7.297684077472694e-14,0.0,6.87206627802871e-14,0.0,0.0,0.0,3.864873578096643e-15,0.0,1.2472690059231887e-16
10.5331,99.99964904651503,0.9999964904651503,0.00035305741958635437,0.004085580092277033,0.0,6.018002263868429e-14,0.0,3.354069471206703e-14,0.0,0.0,0.0,1.2316371684861571e-15,0.0,2.490477054761728e-16
10.5812,99.99964904651505,0.9999964904651505,0.00035305741900280353,0.003940830861307824,0.0,4.964226134778849e-14,0.0,2.3120782833696103e-14,0.0,0.0,0.0,0.0,0.0,2.3812076441007076e-16
10.6293,99.99964904651503,0.9999964904651503,0.00035305741842081036,0.0038012101244895486,0.0,4.0975550569024296e-14,0.0,3.324557095922227e-14,0.0,0.0,0.0,0.0,0.0,1.0676211750534417e-16
10.6774,99.99964904651502,0.9999964904651502,0.00035305741784037004,0.0036665360129471466,0.0,3.3827698617591103e-14,0.0,3.976161951265012e-14,0.0,0.0,0.0,0.0,0.0,0.0
10.7255,99.99964904655995,0.9999964904655996,0.0003530574172614779,0.003536632904007927,7.790286492105413e-11,0.0,1.3227024193038543e-10,0.0,0.0,1.845679470845996e-11,0.0,0.0,0.0,0.0
10.7735,99.99964904664225,0.9999964904664225,0.00035305741668413044,0.0034113318323774223,2.393576797140751e-10,0.0,4.064024313100044e-10,0.0,0.0,5.235360836660616e-11,0.0,0.0,0.0,0.0
10.8216,99.99964904664377,0.9999964904664377,0.00035305741610832357,0.0032904704197447483,2.882006233490637e-10,0.0,4.893324495062725e-10,0.0,0.0,5.2999792215839346e-11,0.0,0.0,0.0,0.0
10.8697,99.99964904653228,0.9999964904653228,0.00035305741553405323,0.003173891540651789,1.387514219443365e-10,0.0,2.355848245323974e-10,0.0,0.0,7.108111021292258e-12,0.0,0.0,0.0,0.0
10.9178,99.9996490463654,0.999996490463654,0.0003530574149613153,0.0030614432969380853,0.0,1.7740220792127294e-10,0.0,4.1477312948590543e-10,0.0,0.0,0.0,0.0,0.0,0.0
10.9659,99.99964904629064,0.9999964904629064,0.00035305741439010566,0.0029529790177408033,0.0,5.1182136418509e-10,0.0,1.039632341010966e-09,0.0,0.0,0.0,0.0,0.0,0.0
11.014,99.9996490465438,0.9999964904654379,0.00035305741382041976,0.002848357259999832,0.0,6.005581593853334e-10,0.0,9.979645278956577e-10,0.0,1.2552950033031281e-11,0.0,0.0,0.0,9.997964906117498e-16
11.0621,99.99964904691902,0.9999964904691901,0.00035305741325223543,0.0027474419712200508,0.0,4.954211624077728e-10,0.0,5.042883372202877e-10,0.0,2.4086837774930725e-10,0.0,0.0,0.0,1.3256539829698265e-13
11.1102,99.99964904717642,0.9999964904717642,0.0003530574126858315,0.002650102059285417,0.0,4.087192922186879e-10,0.0,4.0568766251126253e-10,0.0,1.637897068116844e-10,0.0,1.2177191345462483e-13,0.0,1.0177051362997545e-13
11.1583,99.99964904739812,0.9999964904739812,0.00035305741212110806,0.0025562108421545477,0.0,3.372237501049144e-10,0.0,5.144674482043406e-10,0.0,0.0,0.0,1.1370809706348544e-11,0.0,0.0
11.2064,99.99964904761703,0.9999964904761702,0.0003530574115577273,0.0024656460929216688,0.0,2.781971014715993e-10,0.0,2.965977478880031e-10,0.0,0.0,0.0,5.874445712798312e-12,0.0,2.4226522678353803e-13
11.2545,99.99964904773125,0.9999964904773125,0.0003530574109962284,0.002378289987430402,0.0,2.2950108635538448e-10,0.0,1.8788166342435644e-10,0.0,3.2844683126249716e-12,0.0,2.611029698314598e-12,0.0,2.969020011737042e-13
11.3026,99.99964904773742,0.9999964904773742,0.0003530574104364282,0.0022940288622492837,0.0,1.8935285937954347e-10,0.0,2.441784142351419e-10,0.0,0.0,0.0,3.4314166713285936e-12,0.0,1.632171881646937e-13
11.3507,99.99964904781078,0.9999964904781078,0.0003530574098777818,0.002212753037853921,0.0,1.5621877210143547e-10,0.0,1.8404940161692455e-10,0.0,1.2996649467456067e-12,0.0,2.338844799095887e-12,0.0,1.5060071696342313e-13
11.3988,99.99964904789174,0.9999964904789174,0.0003530574093205262,0.002134356750235007,0.0,1.2887367558069307e-10,0.0,1.0427928726670524e-10,0.0,2.881789493674666e-11,0.0,9.613459695691742e-13,0.0,1.6264002588992352e-13
11.4469,99.99964904791402,0.9999964904791402,0.0003530574087647674,0.00205873800228632,0.0,1.0632452482433616e-10,0.0,1.270149242024188e-10,0.0,5.394194612843254e-12,0.0,1.9817384625041253e-12,0.0,9.702397923285299e-14
11.495,99.99964904795353,0.9999964904795352,0.0003530574082103665,0.001985798365705551,0.0,8.771881049737183e-11,0.0,1.0428146536407553e-10,0.0,7.601326882909602e-12,0.0,1.6084320210501e-12,0.0,9.158737974708499e-14
11.5431,99.9996490480002,0.9999964904800019,0.0003530574076574197,0.0019154429196408184,0.0,7.236396471273595e-11,0.0,5.7549875923660345e-11,0.0,2.41226609385789e-11,0.0,4.875927191650909e-13,0.0,1.1001650462874806e-13
11.5912,99.99964904802148,0.9999964904802148,0.000353057407105977,0.0018475801331901919,0.0,5.97020244814066e-11,0.0,6.767313831876744e-11,0.0,4.606541303110508e-12,0.0,1.2977513778743979e-12,0.0,6.794268939294028e-14
11.6393,99.9996490480459,0.9999964904804589,0.0003530574065559283,0.001782121671666784,0.0,4.925518625495824e-11,0.0,5.969197920105247e-11,0.0,0.0,0.0,1.3040775038969977e-12,0.0,5.9362066794669e-14
11.6874,99.9996490480726,0.999996490480726,0.00035305740600731917,0.0017189823457324567,0.0,4.063304783418451e-11,0.0,3.2096876623923056e-11,0.0,8.936343402472496e-12,0.0,4.996690035051036e-13,0.0,7.279225634767008e-14
11.7355,99.99964904808166,0.9999964904808166,0.0003530574054601906,0.0016580800169410269,0.0,3.3523041884489283e-11,0.0,3.5647004246278555e-11,0.0,3.259921967561024e-12,0.0,6.939955118292372e-13,0.0,4.8714912364693187e-14
11.7836,99.99964904809126,0.9999964904809125,0.0003530574049144757,0.0015993354119753604,0.0,2.7657477918915122e-11,0.0,3.476911519656621e-11,0.0,3.731905732289137e-13,0.0,7.318518908761333e-13,0.0,3.5853148530145636e-14
11.8317,99.99964904810652,0.9999964904810652,0.0003530574043701844,0.0015426720741641036,0.0,2.2816001566981038e-11,0.0,1.8339828131754894e-11,0.0,6.8749114607641985e-12,0.0,2.3148249723526307e-13,0.0,4.388587953038016e-14
11.8798,99.99964904811387,0.9999964904811387,0.0003530574038273545,0.0014880162923395152,0.0,1.88234367126674e-11,0.0,1.8783643224109948e-11,0.0,2.960529151971579e-12,0.0,3.550171944409384e-13,0.0,3.0960479069216584e-14
11.9279,99.99964904811989,0.9999964904811989,0.0003530574032859506,0.0014352969263404462,0.0,1.553003586683911e-11,0.0,2.0228452453949375e-11,0.0,0.0,0.0,4.97480539093815e-13,0.0,2.051028056761767e-14
11.976,99.99964904812873,0.9999964904812874,0.0003530574027459665,0.001384445356468534,0.0,1.2811449392130577e-11,0.0,1.0589491484453515e-11,0.0,2.485681206850002e-12,0.0,1.868367096612882e-13,0.0,2.5902547666460096e-14
12.024,99.99964904813262,0.9999964904813262,0.0003530574022074285,0.0013353954338467297,0.0,1.0569438255209318e-11,0.0,9.657274154535236e-12,0.0,1.7808130998183314e-12,0.0,1.7768174594751153e-13,0.0,1.9756343551224684e-14
12.0721,99.9996490481346,0.999996490481346,0.00035305740167031766,0.0012880833185076718,0.0,8.720326350190826e-12,0.0,1.1773298457942446e-11,0.0,0.0,0.0,2.7278363103300686e-13,0.0,1.1441286134610963e-14
12.1202,99.9996490481395,0.999996490481395,0.00035305740113462047,0.001242447424954874,0.0,7.1938734194768624e-12,0.0,6.350984383120171e-12,0.0,1.6589998054813365e-12,0.0,1.0040133409014497e-13,0.0,1.426779236826759e-14
12.1683,99.99964904814229,0.9999964904814229,0.0003530574006003549,0.0011984283866062154,0.0,5.934831571407646e-12,0.0,5.002340410974643e-12,0.0,1.5043771948649646e-12,0.0,7.659321762018687e-14,0.0,1.182626350504627e-14
12.2164,99.99964904814371,0.9999964904814371,0.00035305740006751177,0.0011559689176963042,0.0,4.896553400772451e-12,0.0,6.5445214256679646e-12,0.0,0.0,0.0,1.6365269322334624e-13,0.0,6.455646825960637e-15
12.2645,99.9996490481464,0.999996490481464,0.0003530573995360784,0.0011150137462706373,0.0,4.0394930485892995e-12,0.0,3.855160970584493e-12,0.0,4.353648895259731e-13,0.0,7.838141969290427e-14,0.0,7.795014624935827e-15
12.3126,99.99964904814807,0.9999964904814808,0.0003530573990060636,0.0010755095908554575,0.0,3.3324451977489532e-12,0.0,2.589598344496761e-12,0.0,7.766370189655563e-13,0.0,4.0943002014684655e-14,0.0,7.088348027921511e-15
12.3607,99.9996490481486,0.999996490481486,0.00035305739847746234,0.0010374050486483455,0.0,2.749448748669294e-12,0.0,3.451267073113795e-12,0.0,0.0,0.0,7.766495576041758e-14,0.0,3.9902507146428775e-15
12.4088,99.99964904814985,0.9999964904814985,0.0003530573979502648,0.0010006505149893596,0.0,2.2682786961006146e-12,0.0,2.41297671602209e-12,0.0,2.314476751859495e-13,0.0,4.738461082905453e-14,0.0,3.998782024855727e-15
12.4569,99.99964904815093,0.9999964904815093,0.0003530573974244729,0.0009651981660399829,0.0,1.8712172184090016e-12,0.0,1.404151907777126e-12,0.0,5.84542897593186e-13,0.0,1.65673626247137e-14,0.0,4.041105357247359e-15
12.505,99.99964904815141,0.9999964904815141,0.0003530573969000842,0.0009310018789501379,0.0,1.54383000426572e-12,0.0,1.7520003807505946e-12,0.0,5.840292725086897e-14,0.0,3.8505567433614235e-14,0.0,2.4375987837063953e-15
12.5531,99.99964904815205,0.9999964904815205,0.0003530573963770916,0.0008980171376810206,0.0,1.2736930463168325e-12,0.0,1.501585806883351e-12,0.0,0.0,0.0,3.543641064701668e-14,0.0,2.0379892724460663e-15
12.6012,99.99964904815272,0.9999964904815272,0.0003530573958554932,0.0008662010152571546,0.0,1.0507154614345187e-12,0.0,7.97091086224915e-13,0.0,2.2956673423785203e-13,0.0,1.2724478998821186e-14,0.0,2.2831575353971117e-15
12.6493,99.99964904815297,0.9999964904815297,0.0003530573953352869,0.0008355121259588042,0.0,8.668618614091847e-13,0.0,8.448353265726135e-13,0.0,1.0723905483066598e-13,0.0,1.610541031817421e-14,0.0,1.5746432107030903e-15
12.6974,99.99964904815317,0.9999964904815317,0.00035305739481646754,0.0008059105223348755,0.0,7.152106165581316e-13,0.0,9.383716207999447e-13,0.0,0.0,0.0,2.123662021950861e-14,0.0,9.82817055252599e-16
12.7455,99.99964904815357,0.9999964904815357,0.0003530573942990311,0.0007773576730193088,0.0,5.900061140696524e-13,0.0,4.917261803037528e-13,0.0,1.5257856547847094e-13,0.0,6.719206721551743e-15,0.0,1.2073653146732067e-15
12.7936,99.99964904815378,0.9999964904815378,0.0003530573937829755,0.0007498164380293627,0.0,4.867488336587919e-13,0.0,4.0830425819244396e-13,0.0,1.2262156502996334e-13,0.0,5.9121633310491254e-15,0.0,9.618128852228282e-16
12.8417,99.99964904815391,0.9999964904815392,0.00035305739326829677,0.0007232509733299358,0.0,4.016009657154083e-13,0.0,5.348357568296435e-13,0.0,0.0,0.0,1.3582737640998668e-14,0.0,5.126971368658279e-16
12.8898,99.99964904815411,0.9999964904815412,0.00035305739275499025,0.0006976266917320204,0.0,3.3128987444768076e-13,0.0,3.188376928858219e-13,0.0,4.2844812993237135e-14,0.0,5.454867990228971e-15,0.0,6.615122017525882e-16
12.9379,99.99964904815424,0.9999964904815424,0.00035305739224305335,0.0006729102592650545,0.0,2.7326736189954816e-13,0.0,1.699436519050006e-13,0.0,1.2923811963848521e-13,0.0,0.0,0.0,7.046688314257456e-16
12.986,99.99964904815434,0.9999964904815434,0.00035305739173248303,0.0006490695295762733,0.0,2.2546812605661067e-13,0.0,1.8545390103632408e-13,0.0,4.9317605877984486e-14,0.0,2.501308436459335e-15,0.0,4.445338406257177e-16
13.0341,99.99964904815447,0.9999964904815447,0.000353057391223275,0.0006260734617523285,0.0,1.8606416025419252e-13,0.0,2.404560374279397e-13,0.0,0.0,0.0,8.21837362060425e-15,0.0,1.6803588682619275e-16
13.0822,99.99964904815457,0.9999964904815457,0.00035305739071542474,0.0006038921128598021,0.0,1.5349301179404404e-13,0.0,1.4480540431666827e-13,0.0,0.0,0.0,4.335823159817511e-15,0.0,2.8399232348827127e-16
13.1303,99.99964904815462,0.9999964904815463,0.0003530573902089296,0.000582496631525821,0.0,1.266096025740755e-13,0.0,7.715806823946741e-14,0.0,0.0,0.0,1.2508660500347048e-15,0.0,3.2935766357488443e-16
13.1784,99.99964904815464,0.9999964904815464,0.0003530573897037864,0.0005618591917897855,0.0,1.044625307426425e-13,0.0,8.355182831534383e-14,0.0,0.0,0.0,5.040350466940042e-16,0.0,2.3214474147343607e-16
13.2265,99.99964904815464,0.9999964904815464,0.0003530573891999911,0.0005419529238326196,0.0,8.620623554254984e-14,0.0,1.0975483450056695e-13,0.0,0.0,0.0,9.002187469802993e-16,0.0,9.637255799738099e-17
13.2745,99.99964904815467,0.9999964904815467,0.0003530573886975395,0.0005227518976478413,0.0,7.110364278795357e-14,0.0,6.816129249256068e-14,0.0,0.0,0.0,0.0,0.0,8.739899771125737e-17
13.3226,99.99964904815468,0.9999964904815468,0.0003530573881964285,0.000504231130651552,0.0,5.861216851765775e-14,0.0,3.0485219411780067e-14,0.0,3.4551542226597154e-14,0.0,0.0,0.0,1.0374406332217612e-16
13.3707,99.99964904815471,0.999996490481547,0.0003530573876966548,0.0004863665709908072,0.0,4.8336360285324885e-14,0.0,1.434298818624574e-14,0.0,4.201934976470166e-14,0.0,0.0,0.0,8.341713187326028e-17
13.4188,99.99964904815474,0.9999964904815474,0.0003530573871982148,0.0004691349697268197,0.0,3.9906585355851904e-14,0.0,1.790070212244828e-14,0.0,6.4875100571169686e-15,0.0,2.7110367767709615e-16,0.0,2.4008359002862615e-17
13.4669,99.9996490481548,0.9999964904815479,0.00035305738670110483,0.00045251387498641886,0.0,3.2975246358270526e-14,0.0,2.8266825758641915e-14,0.0,0.0,0.0,2.6453982381850345e-15,0.0,0.0
13.515,99.99964904815481,0.999996490481548,0.0003530573862053212,0.00043648162995686625,0.0,2.7220673381874606e-14,0.0,2.3420997974794982e-14,0.0,0.0,0.0,2.161782666152389e-15,0.0,2.198542755374975e-17
13.5631,99.99964904815482,0.9999964904815483,0.00035305738571086027,0.0004210173633013801,0.0,2.2440802185946677e-14,0.0,1.2063460286291169e-14,0.0,0.0,0.0,7.685597681634313e-16,0.0,1.2280899904253566e-16
13.6112,99.99964904815484,0.9999964904815484,0.000353057385217719,0.0004061009989691293,0.0,1.8501510664824117e-14,0.0,6.001780896329589e-15,0.0,0.0,0.0,0.0,0.0,1.6587108192009274e-16
13.6593,99.99964904815484,0.9999964904815484,0.0003530573847258941,0.00039171313910848295,0.0,1.5268095123827323e-14,0.0,6.39167973690206e-15,0.0,0.0,0.0,0.0,0.0,1.1779459454178496e-16
13.7074,99.99964904815482,0.9999964904815483,0.0003530573842353819,0.0003778350426233068,0.0,1.2613709825509014e-14,0.0,1.0378382343669068e-14,0.0,0.0,0.0,0.0,0.0,8.789033717997277e-18
13.7555,99.99964904815482,0.9999964904815483,0.0003530573837461783,0.00036444862517296767,0.0,1.0419366989655167e-14,0.0,1.109661985596002e-14,0.0,0.0,0.0,0.0,0.0,0.0
13.8036,99.99964904948258,0.9999964904948259,0.0003530573832582797,0.0003515365027928114,1.9970114146377504e-09,0.0,3.384123611532404e-09,0.0,0.0,5.538941200547364e-10,0.0,0.0,0.0,0.0
13.8517,99.9996490517175,0.999996490517175,0.00035305738277168305,0.00033908186339303434,5.707976985939651e-09,0.0,9.672704682329665e-09,0.0,0.0,1.4863061653788136e-09,0.0,0.0,0.0,0.0
13.8998,99.99964905246148,0.9999964905246148,0.00035305738228638483,0.00032706841055878745,7.720391937455279e-09,0.0,1.3082933861438356e-08,0.0,0.0,1.7967064936616878e-09,0.0,0.0,0.0,0.0
13.9479,99.9996490507071,0.9999964905070711,0.0003530573818023816,0.00031548046727799205,6.204414157376224e-09,0.0,1.0513971784069363e-08,0.0,0.0,1.0647892569080237e-09,0.0,0.0,0.0,0.0
13.996,99.99964904684707,0.9999964904684707,0.0003530573813196699,0.00030430297625501514,9.265482229109673e-10,0.0,1.5701379020606898e-09,0.0,0.0,0.0,0.0,0.0,0.0,0.0
14.0441,99.99964904267422,0.9999964904267422,0.0003530573808382463,0.00029352149991067285,0.0,6.742862530236716e-09,0.0,1.5584414041056162e-08,1.0526030688808724e-11,0.0,0.0,0.0,0.0,0.0
14.0922,99.99964904138155,0.9999964904138154,0.0003530573803581073,0.0002831222203822272,0.0,1.3851705571290468e-08,0.0,2.8617876031023798e-08,3.174938982601193e-11,0.0,0.0,0.0,0.0,0.0
14.1403,99.99964904756216,0.9999964904756216,0.0003530573798792496,0.0002730919395233878,0.0,1.5850520709783947e-08,0.0,2.7326614430396538e-08,3.7528447594703374e-12,0.0,0.0,0.0,0.0,0.0
14.1884,99.9996490584999,0.999996490584999,0.00035305737940198676,0.0002634173782185169,0.0,1.3088254879037481e-08,0.0,1.6145991371519627e-08,0.0,2.633153266680369e-09,3.2313410802162357e-09,0.0,0.0,0.0
14.2365,99.99964907150932,0.9999964907150932,0.00035305737901251293,0.0002540857540683366,0.0,1.0797678281266315e-08,0.0,1.0018868202394565e-08,0.0,2.7524640067952286e-09,0.0,1.807847292891286e-08,0.0,3.257264515594139e-10
14.2846,99.9996490861385,0.9999964908613851,0.00035305737951008074,0.0002450848700337335,0.0,8.907977418285384e-09,0.0,6.552412030223318e-09,0.0,2.251927340567847e-09,0.0,9.073155291525254e-09,0.0,5.298881008310849e-10
14.3327,99.9996490948388,0.999996490948388,0.00035305738024466105,0.00023640239632083455,0.0,7.348967531898437e-09,0.0,4.512149652367851e-09,0.0,1.706544114771085e-09,0.0,4.525218594462747e-09,0.0,5.258058551524204e-10
14.3808,99.99964909966882,0.9999964909966882,0.00035305738079414924,0.0002280272202837979,0.0,6.062843370942694e-09,0.0,3.2708880064782075e-09,0.0,1.2424356479549717e-09,0.0,2.800313016625867e-09,0.0,4.1093081392705137e-10
14.4289,99.99964910331425,0.9999964910331426,0.00035305738105918994,0.00021994867402531798,0.0,5.00176735138803e-09,0.0,2.4579358786928228e-09,0.0,9.201521099739033e-10,0.0,1.4379402412815068e-09,0.0,3.2319862068790334e-10
14.477,99.99964910561775,0.9999964910561775,0.00035305738108792965,0.00021215623546738663,0.0,4.1264193960148925e-09,0.0,1.9065308497536287e-09,0.0,6.875504897506158e-10,0.0,8.818639924399778e-10,0.0,2.343983334813743e-10
14.5251,99.99964910744207,0.9999964910744207,0.0003530573809147727,0.00020463983752698207,0.0,3.4041439878196354e-09,0.0,1.50228654200273e-09,0.0,5.288124635676561e-10,0.0,4.031124855026041e-10,0.0,1.735578992887193e-10
14.5731,99.99964910857753,0.9999964910857753,0.00035305738059200197,0.00019738968520427037,0.0,2.8084394611803904e-09,0.0,1.2112472737959413e-09,0.0,4.0848837585515204e-10,0.0,3.307743124893117e-10,0.0,1.1710541216780934e-10
14.6212,99.99964910947165,0.9999964910947164,0.00035305738014514495,0.00019039638073098906,0.0,2.3169952805481745e-09,0.0,9.870982756075339e-10,0.0,3.209440529909778e-10,0.0,2.7732175031209366e-10,0.0,7.932880545937066e-11
14.6693,99.99964911029132,0.9999964911029131,0.0003530573796207734,0.00018365083711834547,0.0,1.9114371434251753e-09,0.0,8.028696028605634e-10,0.0,2.5928537754384065e-10,0.0,1.2995328230066097e-10,0.0,5.828360030960364e-11
14.7174,99.99964911084653,0.9999964911084653,0.0003530573790462732,0.0001771442629833504,0.0,1.576962059563209e-09,0.0,6.582408783950314e-10,0.0,2.0916799495659227e-10,0.0,1.2343790295898094e-10,0.0,3.8669492648234024e-11
14.7655,99.99964911132176,0.9999964911132175,0.0003530573784305695,0.00017086820451968829,0.0,1.3009613732252414e-09,0.0,5.405199270059649e-10,0.0,1.7046068017667433e-10,0.0,9.234169486248261e-11,0.0,2.6887829344693474e-11
14.8136,99.99964911173662,0.9999964911173662,0.00035305737779021447,0.00016481449375547693,0.0,1.073008523392849e-09,0.0,4.4225724444726826e-10,0.0,1.4151418265228016e-10,0.0,3.922801671734391e-11,0.0,2.0239211977485116e-11
14.8617,99.99964911205542,0.9999964911205542,0.00035305737713662146,0.0001589752582878922,0.0,8.851713474606102e-10,0.0,3.6394492181849866e-10,0.0,1.1597326446034025e-10,0.0,1.788153459884127e-11,0.0,1.4421242743259892e-11
14.9098,99.99964911229804,0.9999964911229804,0.00035305737647402176,0.00015334290000719125,0.0,7.305077249041986e-10,0.0,3.025085866760102e-10,0.0,9.247174204334122e-11,0.0,2.0096547628223788e-11,0.0,9.164995761746854e-12
14.9579,99.99964911249836,0.9999964911249836,0.0003530573758015358,0.00014791008683434886,0.0,6.028433770302607e-10,0.0,2.5078445206851795e-10,0.0,7.508457231959161e-11,0.0,1.9869747883875683e-11,0.0,5.830687665271381e-12
15.006,99.99964911266912,0.9999964911266912,0.0003530573751219693,0.00014266974686592663,0.0,4.972333738168752e-10,0.0,2.053258325942619e-10,0.0,6.726171469769658e-11,0.0,9.473692816565498e-12,0.0,4.340190321568318e-12
15.0541,99.9996491128084,0.999996491128084,0.0003530573744406411,0.00013761506813731155,0.0,4.1014938775331805e-10,0.0,1.6859855369230096e-10,0.0,5.772960495646336e-11,0.0,4.737723962098031e-12,0.0,3.1368379042800803e-12
15.1022,99.99964911292444,0.9999964911292445,0.0003530573737585477,0.00013273947516371726,0.0,3.384504172678229e-10,0.0,1.397393914648454e-10,0.0,4.210843713653941e-11,0.0,5.938958117007309e-12,0.0,2.0611735355688457e-12
15.1503,99.99964911301966,0.9999964911301966,0.0003530573730760994,0.00012803661890789338,0.0,2.793318356845421e-10,0.0,1.1620298439709122e-10,0.0,2.865988803408743e-11,0.0,7.594846411047946e-12,0.0,1.293737740168429e-12
15.1984,99.99964911309168,0.9999964911309168,0.0003530573723936296,0.0001235003754832401,0.0,2.3042215479046044e-10,0.0,9.534168887104238e-11,0.0,3.031063286120312e-11,0.0,3.948896134746223e-12,0.0,1.0311658374324805e-12
15.2465,99.9996491131508,0.9999964911315079,0.0003530573717122578,0.00011912484684293297,0.0,1.9005785309989962e-10,0.0,7.820931100451323e-11,0.0,3.123236162814851e-11,0.0,1.630175640641548e-12,0.0,8.152620282707932e-13
15.2946,99.99964911320787,0.9999964911320787,0.0003530573710323035,0.0001149043435250046,0.0,1.568156841123143e-10,0.0,6.463220896073665e-11,0.0,2.0816332923147456e-11,0.0,2.0561376539285073e-12,0.0,5.491630115738547e-13
15.3427,99.99964911325887,0.9999964911325887,0.0003530573703537312,0.0001108333697965418,0.0,1.2942177563794162e-10,0.0,5.371500148167463e-11,0.0,7.06413868384907e-12,0.0,3.3544665778294076e-12,0.0,3.1206388895242667e-13
15.3908,99.9996491132887,0.999996491132887,0.00035305736967632166,0.00010690662302446242,0.0,1.0677206730789168e-10,0.0,4.420056751911151e-11,0.0,1.0881788615563593e-11,0.0,1.904326992347719e-12,0.0,2.702873727086171e-13
15.4389,99.9996491133092,0.9999964911330921,0.00035305736900051015,0.00010311899593729844,0.0,8.806576701691355e-11,0.0,3.626232882707795e-11,0.0,1.85368693218402e-11,0.0,4.060086576237253e-13,0.0,2.537937134897528e-13
15.487,99.99964911333642,0.9999964911333642,0.000353057368326521,9.946556544311931e-05,0.0,7.265641289429444e-11,0.0,2.9911917822299864e-11,0.0,1.3090764712367432e-11,0.0,4.595436048010669e-13,0.0,1.8324215637837742e-13
15.5351,99.99964911336782,0.9999964911336783,0.00035305736765430174,9.594157506216551e-05,0.0,5.996310138263111e-11,0.0,2.4827859579567633e-11,0.0,0.0,0.0,1.4203974625740426e-12,0.0,8.937416104410798e-14
15.5832,99.99964911338493,0.9999964911338494,0.0003530573669836037,9.254243391561691e-05,0.0,4.947490420761278e-11,0.0,2.0483622305273568e-11,0.0,0.0,0.0,1.0918736047431398e-12,0.0,7.412896793270436e-14
15.6313,99.99964911339355,0.9999964911339354,0.00035305736631455545,8.926371865863708e-05,0.0,4.0804892564912515e-11,0.0,1.6802760672470405e-11,0.0,1.125934360163497e-12,0.0,3.654741093874587e-13,0.0,8.637728269173585e-14
15.6794,99.9996491134019,0.999996491134019,0.0003530573656473406,8.61011684830561e-05,0.0,3.366097208172211e-11,0.0,1.3836518558270906e-11,0.0,3.143861978483195e-12,0.0,1.0900802250480426e-13,0.0,7.237118825939835e-14
15.7275,99.99964911341084,0.9999964911341084,0.0003530573649819577,8.305066741225003e-05,0.0,2.7780033963024203e-11,0.0,1.1476331888077779e-11,0.0,2.3583004448970647e-12,0.0,2.3144520016733933e-13,0.0,3.6739596565144976e-14
15.7756,99.99964911341856,0.9999964911341855,0.0003530573643182763,8.010824241768139e-05,0.0,2.2927022312201956e-11,0.0,9.511997109972214e-12,0.0,1.409446644946098e-12,0.0,3.1497405788009403e-13,0.0,1.4161079999383175e-14
15.8236,99.99964911342288,0.9999964911342287,0.0003530573636562437,7.727006215401307e-05,0.0,1.8910607361473673e-11,0.0,7.80324243649983e-12,0.0,3.0197786893651476e-12,0.0,9.609060954331754e-14,0.0,1.963618178983181e-14
15.8717,99.99964911342701,0.9999964911342701,0.00035305736299598304,7.45324374327002e-05,0.0,1.5597826527652837e-11,0.0,6.410415997866144e-12,0.0,3.685498891750044e-12,0.0,0.0,0.0,2.0012732613826083e-14
15.9198,99.9996491134327,0.999996491134327,0.0003530573623374982,7.189180740579524e-05,0.0,1.2870685933700946e-11,0.0,5.304124940527312e-12,0.0,1.7138982566583903e-12,0.0,1.2075994052194498e-13,0.0,1.1866035264346865e-14
15.9679,99.9996491134384,0.9999964911343839,0.0003530573616807672,6.934473321925497e-05,0.0,1.0623290172054645e-11,0.0,4.4082191004416905e-12,0.0,0.0,0.0,2.842556160956641e-13,0.0,3.5261015964496384e-15
16.016,99.9996491134408,0.9999964911344079,0.0003530573610257528,6.688789731865633e-05,0.0,8.763666295535329e-12,0.0,3.6237103540974363e-12,0.0,0.0,0.0,1.5855886179409988e-13,0.0,8.442551941082765e-15
16.0641,99.99964911344229,0.9999964911344229,0.0003530573603724793,6.451810388102075e-05,0.0,7.2269838444005965e-12,0.0,2.9659447901745642e-12,0.0,1.8687346005883307e-13,0.0,4.0331178241770866e-14,0.0,1.30379916272589e-14
16.1122,99.99964911344381,0.9999964911344381,0.00035305735972097067,6.223227321133377e-05,0.0,5.961850705298723e-12,0.0,2.4445445231805336e-12,0.0,4.943023428511204e-13,0.0,1.5029797960876978e-15,0.0,1.1222576910053949e-14
16.1603,99.99964911344544,0.9999964911344544,0.00035305735907121974,6.002742974666155e-05,0.0,4.92122256456035e-12,0.0,2.0377200967722035e-12,0.0,2.998433200885161e-13,0.0,2.3237279347216308e-14,0.0,4.313137672348437e-15
16.2084,99.99964911344681,0.9999964911344681,0.0003530573584231895,5.790070144866616e-05,0.0,4.062473391984859e-12,0.0,1.6967764806894476e-12,0.0,1.165742209527662e-13,0.0,4.258644763919578e-14,0.0,0.0
16.2565,99.99964911344735,0.9999964911344734,0.000353057357776856,5.584931871009204e-05,0.0,3.3506751449724956e-12,0.0,1.398767665555843e-12,0.0,6.286788246104463e-13,0.0,1.705379554923237e-15,0.0,1.0916247651213007e-15
16.3046,99.9996491134478,0.999996491134478,0.0003530573571322483,5.387061516008096e-05,0.0,2.763268969708828e-12,0.0,1.1541503098639625e-12,0.0,1.0296968557680055e-12,0.0,0.0,0.0,2.1525873046700323e-15
16.3527,99.9996491134489,0.999996491134489,0.00035305735648936515,5.196201811688647e-05,0.0,2.279961986382233e-12,0.0,9.369990558606562e-13,0.0,6.180196030863602e-13,0.0,0.0,0.0,1.4155552828136106e-15
16.4008,99.9996491134504,0.9999964911345041,0.0003530573558482001,5.0121042247071133e-05,0.0,1.8822358790568725e-12,0.0,7.482648550586532e-13,0.0,0.0,0.0,5.15378306501444e-14,0.0,0.0
16.4489,99.99964911345124,0.9999964911345124,0.00035305735520874164,4.834528944218597e-05,0.0,1.5533998724129292e-12,0.0,6.152153660109913e-13,0.0,0.0,0.0,5.134229543696192e-14,0.0,3.4719127193216687e-16
16.497,99.99964911345153,0.9999964911345153,0.0003530573545709837,4.663244749201647e-05,0.0,1.2809171456310232e-12,0.0,5.320456956274438e-13,0.0,0.0,0.0,2.0443929198427862e-14,0.0,2.2669539012215274e-15
16.5451,99.99964911345175,0.9999964911345175,0.0003530573539349314,4.498029152471866e-05,0.0,1.0562929731084502e-12,0.0,4.533559321792736e-13,0.0,0.0,0.0,2.487555137573671e-15,0.0,2.9729673180811538e-15
16.5932,99.99964911345195,0.9999964911345195,0.00035305735330058393,4.338667269339593e-05,0.0,8.716888177519148e-13,0.0,3.627718656589831e-13,0.0,0.0,0.0,0.0,0.0,1.9883208383706056e-15
16.6413,99.99964911345212,0.9999964911345213,0.00035305735266793304,4.184951534352635e-05,0.0,7.19864005785866e-13,0.0,2.721562524055377e-13,0.0,0.0,0.0,0.0,0.0,9.576615952804782e-17
16.6894,99.99964911345225,0.9999964911345225,0.00035305735203696326,4.0366816937753196e-05,0.0,5.941994537671084e-13,0.0,2.2047062914174972e-13,0.0,0.0,0.0,0.0,0.0,0.0
16.7375,99.99964911345234,0.9999964911345234,0.00035305735140767205,3.893664703782011e-05,0.0,4.899717723557019e-13,0.0,2.0636882175191148e-13,0.0,0.0,0.0,0.0,0.0,0.0
16.7856,99.99964911345242,0.9999964911345242,0.00035305735078006005,3.7557148035681545e-05,0.0,4.0404821657973335e-13,0.0,1.8483708757981357e-13,0.0,0.0,0.0,0.0,0.0,0.0
16.8337,99.99964911345249,0.9999964911345249,0.0003530573501541228,3.6226525732315173e-05,0.0,3.334325403830387e-13,0.0,1.4140135485942291e-13,0.0,0.0,0.0,0.0,0.0,0.0
16.8818,99.99964911345258,0.9999964911345258,0.0003530573495298559,3.494304702842539e-05,0.0,2.7535692261140086e-13,0.0,8.95101412968516e-14,0.0,0.0,0.0,0.0,0.0,0.0
16.9299,99.99964911345262,0.9999964911345262,0.00035305734890725475,3.370503984316944e-05,0.0,2.272891558801337e-13,0.0,6.971466047075119e-14,0.0,0.0,0.0,0.0,0.0,0.0
16.978,99.99964911345263,0.9999964911345264,0.000353057348286315,3.251089183982381e-05,0.0,1.8738981636921155e-13,0.0,8.77953830309033e-14,0.0,0.0,0.0,0.0,0.0,0.0
17.0261,99.99964911345266,0.9999964911345266,0.00035305734766703214,3.135905244000703e-05,0.0,1.5448850493418637e-13,0.0,9.443016808994802e-14,0.0,0.0,0.0,0.0,0.0,0.0
17.0741,99.99964911345269,0.9999964911345269,0.00035305734704940185,3.024802407709046e-05,0.0,1.2747451825864936e-13,0.0,6.854770592395051e-14,0.0,0.0,0.0,0.0,0.0,0.0
17.1222,99.99964911345275,0.9999964911345275,0.0003530573464334197,2.9176359726250787e-05,0.0,1.0530238724204943e-13,0.0,2.022846165348275e-14,0.0,0.0,0.0,0.0,0.0,0.0
17.1703,99.99964911345278,0.9999964911345277,0.0003530573458190812,2.8142662904470387e-05,0.0,8.699187699970359e-14,0.0,0.0,0.0,0.0,0.0,0.0,0.0,0.0
17.2184,99.99964911345278,0.9999964911345277,0.0003530573452063821,2.7145587004639187e-05,0.0,7.174292494176715e-14,0.0,1.0473071298474615e-14,0.0,0.0,0.0,0.0,0.0,0.0
17.2665,99.99964911345276,0.9999964911345276,0.0003530573445953179,2.618383630978591e-05,0.0,5.914012234441531e-14,0.0,2.9129767122524344e-14,0.0,0.0,0.0,0.0,0.0,0.0
17.3146,99.99964911345278,0.9999964911345277,0.0003530573439858843,2.5256161466016112e-05,0.0,4.878022939269006e-14,0.0,2.950624313499143e-14,0.0,0.0,0.0,0.0,0.0,0.0
17.3627,99.99964911345279,0.9999964911345279,0.00035305734337807694,2.436135483246272e-05,0.0,4.0281168226034396e-14,0.0,1.1268769245330727e-14,0.0,0.0,0.0,0.0,0.0,0.0
17.4108,99.99964911345282,0.9999964911345282,0.0003530573427718915,2.34982504348351e-05,0.0,3.328418685942239e-14,0.0,0.0,0.0,0.0,0.0,0.0,0.0,0.0
17.4589,99.9996491134544,0.9999964911345439,0.0003530573421673236,2.266572374930437e-05,3.0757455581883856e-12,0.0,5.205252004944594e-12,0.0,0.0,5.426473703787398e-13,0.0,0.0,0.0,0.0
17.507,99.99964911346044,0.9999964911346043,0.000353057341564369,2.1862691493118494e-05,1.6421801460927742e-11,0.0,2.7791791007808903e-11,0.0,0.0,3.029076911284087e-12,0.0,0.0,0.0,0.0
17.5551,99.99964911346026,0.9999964911346026,0.0003530573409630233,2.10881107565768e-05,2.0003892506940372e-11,0.0,3.385405745816691e-11,0.0,0.0,2.957365603383216e-12,0.0,0.0,0.0,0.0
17.6032,99.99964911345094,0.9999964911345094,0.0003530573403632823,2.0340973956415682e-05,4.355367387323898e-12,0.0,7.370932601975435e-12,0.0,0.0,0.0,0.0,0.0,0.0,0.0
17.6513,99.99964911344003,0.9999964911344003,0.00035305733976514163,1.9620308375100448e-05,0.0,2.434210004429633e-11,0.0,5.089008195586545e-11,0.0,0.0,0.0,0.0,0.0,0.0
17.6994,99.99964911344556,0.9999964911344555,0.0003530573391685971,1.8925176160825506e-05,0.0,4.434447302419773e-11,0.0,8.05896061646814e-11,0.0,0.0,0.0,0.0,0.0,0.0
17.7475,99.9996491179768,0.999996491179768,0.0003530573385736021,1.8255046961003378e-05,9.11642027829007e-09,0.0,1.5408075450651663e-08,0.0,0.0,3.7969225651262905e-09,0.0,0.0,0.0,4.675760889921498e-14
17.7956,99.99964912561556,0.9999964912561556,0.00035305733798015953,1.7608931026079357e-05,2.7480715179328182e-08,0.0,4.644659894446275e-08,0.0,0.0,1.0258056721076085e-08,0.0,0.0,0.0,1.370569202715571e-13
17.8437,99.99964912180161,0.9999964912180161,0.00035305733738840946,1.6984776429980627e-05,2.60086690675304e-08,0.0,4.3958657877632565e-08,0.0,0.0,7.1452263203017144e-09,0.0,0.0,0.0,1.2301699798879448e-13
17.8918,99.99964910619354,0.9999964910619354,0.00035305733679838713,1.6381743221632324e-05,0.0,3.3072080601997975e-09,0.0,1.107381136891852e-08,2.986215786387598e-09,0.0,0.0,0.0,0.0,0.0
17.9399,99.9996490935497,0.999996490935497,0.0003530573362100154,1.580027666835124e-05,0.0,4.572075185299602e-08,0.0,9.254960369788664e-08,8.324716628885427e-09,0.0,0.0,9.530174270634526e-12,0.0,0.0
17.988,99.99964911372818,0.9999964911372818,0.00035305733562310433,1.5242107255845985e-05,0.0,6.387842499899136e-08,0.0,1.0810066248947825e-07,1.6427345095733875e-10,0.0,0.0,1.1813734788422565e-11,0.0,0.0
18.0361,99.99964915911946,0.9999964915911945,0.0003530573350414502,1.4705798431009063e-05,0.0,5.269913734088099e-08,0.0,6.392442497181887e-08,0.0,1.23672686217764e-08,0.0,1.9098882934772418e-10,0.0,2.7670607082978164e-12
18.0842,99.99964919356043,0.9999964919356042,0.0003530573344678316,1.4187603484344824e-05,0.0,4.347624839518619e-08,0.0,3.977308031100863e-08,0.0,1.1085509768592688e-08,0.0,4.894961817941859e-10,0.0,7.753019944472476e-12
18.1323,99.99964921692091,0.9999964921692092,0.0003530573339211086,1.368685682502467e-05,0.0,3.586748091802451e-08,0.0,2.6093646015348957e-08,0.0,9.007108827178246e-09,0.0,4.85562081998646e-10,0.0,1.776884370386285e-11
18.1804,99.99964923352289,0.9999964923352289,0.00035305733339663424,1.3203298602428473e-05,0.0,2.9590259080188188e-08,0.0,1.8030418379988973e-08,0.0,6.79928930344418e-09,0.0,4.259279496451036e-10,0.0,2.3639783181202155e-11
18.2285,99.99964924553622,0.9999964924553622,0.0003530573328839651,1.2736497361231145e-05,0.0,2.4411683397319623e-08,0.0,1.3081348534214036e-08,0.0,4.987348207408716e-09,0.0,3.501271364929034e-10,0.0,2.5645466723947422e-11
18.2766,99.99964925441098,0.9999964925441098,0.00035305733237436197,1.2285977964484707e-05,0.0,2.0139377882815762e-08,0.0,9.856912451428732e-09,0.0,3.6845959321063833e-09,0.0,2.7544250517985396e-10,0.0,2.4986866975254517e-11
18.3246,99.99964926113805,0.9999964926113805,0.00035305733186219207,1.1851244607724454e-05,0.0,1.6614542962724677e-08,0.0,7.633076910543465e-09,0.0,2.7711658712550258e-09,0.0,2.1265571411395334e-10,0.0,2.2739304858943016e-11
18.3727,99.99964926634175,0.9999964926634175,0.00035305733134448813,1.1431788986893188e-05,0.0,1.3706687911552781e-08,0.0,6.039410511956478e-09,0.0,2.1213082725440907e-09,0.0,1.6321926470515647e-10,0.0,1.980377653597005e-11
18.4208,99.99964927042156,0.9999964927042155,0.000353057330820209,1.1027102303001021e-05,0.0,1.1308289695923804e-08,0.0,4.895940032248522e-09,0.0,1.624379523971224e-09,0.0,1.251611291842252e-10,0.0,1.6797091716160196e-11
18.4689,99.99964927369457,0.9999964927369457,0.0003530573302895036,1.063668752004355e-05,0.0,9.32903013263085e-09,0.0,3.9614520525926074e-09,0.0,1.296707587407092e-09,0.0,9.637825167530022e-11,0.0,1.3943694855846018e-11
18.517,99.99964927633633,0.9999964927633633,0.00035305732975322634,1.0260053251224134e-05,0.0,7.696390656340288e-09,0.0,3.230875208163305e-09,0.0,1.0415449743519927e-09,0.0,7.551155080725307e-11,0.0,1.1395183217823982e-11
18.5651,99.9996492784817,0.999996492784817,0.00035305732921230373,9.89672225159518e-06,0.0,6.3496291367243904e-09,0.0,2.651303932393503e-09,0.0,8.401308182352041e-10,0.0,6.003647762047664e-11,0.0,9.221240821078e-12
18.6132,99.99964928024018,0.9999964928024018,0.00035305732866752006,9.546231956046589e-06,0.0,5.236894572860551e-09,0.0,2.1711427981605514e-09,0.0,6.922193514371018e-10,0.0,4.393432685697999e-11,0.0,7.638268529471044e-12
18.6613,99.99964928168063,0.9999964928168064,0.0003530573281199825,9.20813340425912e-06,0.0,4.319257735501508e-09,0.0,1.7799908705742446e-09,0.0,5.709113341203125e-10,0.0,3.500925298802646e-11,0.0,6.181863958314607e-12
18.7094,99.99964928285932,0.9999964928285933,0.00035305732757033733,8.88199228021701e-06,0.0,3.564195935198e-09,0.0,1.4642551646236218e-09,0.0,4.6217587350402585e-10,0.0,3.7413424286436324e-11,0.0,4.605944335148908e-12
18.7575,99.9996492838268,0.999996492838268,0.0003530573270190067,8.567388819747296e-06,0.0,2.942269534283788e-09,0.0,1.208885043410342e-09,0.0,3.6888286822559795e-10,0.0,4.1819647792455455e-11,0.0,3.3015251143302498e-12
18.8056,99.99964928462568,0.9999964928462568,0.00035305732646625696,8.263917525440865e-06,0.0,2.4275522538502712e-09,0.0,9.982465929511886e-10,0.0,3.0766371728108196e-10,0.0,2.9717056226477685e-11,0.0,3.0889832871143593e-12
18.8537,99.99964928528155,0.9999964928528154,0.00035305732591346564,7.971186079310628e-06,0.0,2.001992069375449e-09,0.0,8.239839780806822e-10,0.0,2.6593207019015833e-10,0.0,1.53628292054538e-11,0.0,3.1188986277363102e-12
18.9018,99.99964928582429,0.9999964928582429,0.0003530573253621842,7.688816951769627e-06,0.0,1.6514894342344112e-09,0.0,6.798637099428159e-10,0.0,2.1981392195733037e-10,0.0,1.3992990781824111e-11,0.0,2.4862462725332195e-12
18.9499,99.99964928627611,0.9999964928627612,0.00035305732481227364,7.416444791306301e-06,0.0,1.363094900632171e-09,0.0,5.605810737998582e-10,0.0,1.6726012805691623e-10,0.0,2.356726803247817e-11,0.0,1.3218817814501767e-12
18.998,99.99964928664896,0.9999964928664896,0.0003530573242618309,7.153716042976269e-06,0.0,1.1251380009163475e-09,0.0,4.6228115360525185e-10,0.0,1.2823720652580968e-10,0.0,2.658760822846575e-11,0.0,7.177702044383698e-13
19.0461,99.9996492869529,0.9999964928695291,0.00035305732371058085,6.900289717048283e-06,0.0,9.281836782553212e-10,0.0,3.8161932740905364e-10,0.0,1.1423881012625755e-10,0.0,1.3841658589532005e-11,0.0,1.1354335412760512e-12
19.0942,99.99964928720252,0.9999964928720252,0.00035305732316126234,6.6558377192779115e-06,0.0,7.657338798634376e-10,0.0,3.1494816619795375e-10,0.0,9.68060872869355e-11,0.0,1.0911567002566846e-11,0.0,1.0001308590020345e-12
19.1423,99.99964928740815,0.9999964928740814,0.0003530573226132027,6.420042945663375e-06,0.0,6.317804979612479e-10,0.0,2.598496505890212e-10,0.0,7.627405710088152e-11,0.0,1.532100777627633e-11,0.0,5.370146641423341e-13
19.1904,99.99964928758159,0.9999964928758159,0.00035305732206565983,6.192599500551425e-06,0.0,5.212033528574115e-10,0.0,2.1440956628393896e-10,0.0,6.459559569918233e-11,0.0,9.432901915491346e-12,0.0,6.73181250588609e-13
19.2385,99.99964928772377,0.9999964928772377,0.0003530573215196716,5.973211659889314e-06,0.0,4.2996993847421217e-10,0.0,1.769077009540235e-10,0.0,5.472797089214595e-11,0.0,5.866673882029054e-12,0.0,6.679312069514288e-13
19.2866,99.99964928783851,0.9999964928783851,0.00035305732097509453,5.76159439672768e-06,0.0,3.547480899974762e-10,0.0,1.459609975160352e-10,0.0,4.4278422097078674e-11,0.0,8.011966423080957e-12,0.0,3.9062479767806913e-13
19.3347,99.99964928793551,0.9999964928793551,0.0003530573204313993,5.557473081270428e-06,0.0,2.9266750901349965e-10,0.0,1.2042275105046523e-10,0.0,3.663350444615e-11,0.0,6.304221555766067e-12,0.0,3.694617285638871e-13
19.3828,99.99964928801631,0.9999964928801631,0.00035305731988897945,5.360582234447877e-06,0.0,2.414094995947666e-10,0.0,9.934068759330086e-11,0.0,3.1313853348271014e-11,0.0,3.090531004516047e-12,0.0,4.3444095258676943e-13
19.4309,99.99964928808198,0.9999964928808198,0.0003530573193481503,5.1706659721148095e-06,0.0,1.9916426616370378e-10,0.0,8.195824511361572e-11,0.0,2.5705927703301316e-11,0.0,2.748506816800044e-12,0.0,3.3587360441364543e-13
19.479,99.99964928813569,0.9999964928813568,0.00035305731880872393,4.987477381100564e-06,0.0,1.643488002396195e-10,0.0,6.762724829635034e-11,0.0,2.0096013423831845e-11,0.0,3.97835017162569e-12,0.0,1.6438676785662502e-13
19.5271,99.99964928818072,0.9999964928818073,0.00035305731827026875,4.810778232191111e-06,0.0,1.3559083857262196e-10,0.0,5.579462487619955e-11,0.0,1.6844783975097016e-11,0.0,2.779634223175567e-12,0.0,1.7186036768502967e-13
19.5752,99.99964928821778,0.9999964928821778,0.00035305731773315456,4.640338698611459e-06,0.0,1.1184373997383696e-10,0.0,4.6025124187779096e-11,0.0,1.4684700933691694e-11,0.0,1.3611131174699061e-12,0.0,1.9901057222215197e-13
19.6232,99.99964928824826,0.9999964928824826,0.0003530573171975484,4.4759372861248736e-06,0.0,9.227426515717057e-11,0.0,3.797225119543392e-11,0.0,1.1904045264189113e-11,0.0,1.3311388047211677e-12,0.0,1.4723631149761712e-13
19.6713,99.99964928827347,0.9999964928827347,0.00035305731666333996,4.317360101108866e-06,0.0,7.614441277282835e-11,0.0,3.1333469347863216e-11,0.0,8.973877382419828e-12,0.0,1.899706859359974e-12,0.0,7.007019325139866e-14
19.7194,99.99964928829434,0.9999964928829433,0.0003530573161303417,4.164400769419799e-06,0.0,6.28205705652189e-11,0.0,2.5851013200924083e-11,0.0,7.605447822838416e-12,0.0,1.2072318128584747e-12,0.0,8.109061606266885e-14
19.7675,99.99964928831137,0.9999964928831138,0.0003530573155987538,4.016860364416895e-06,0.0,5.1825254919519874e-11,0.0,2.132674386092804e-11,0.0,6.493899832303656e-12,0.0,7.885073327347307e-13,0.0,7.891431800204738e-14
19.8156,99.99964928832513,0.9999964928832513,0.0003530573150685655,3.87454696614858e-06,0.0,4.275742119329826e-11,0.0,1.759531103293771e-11,0.0,5.298086312237904e-12,0.0,1.0666346424494646e-12,0.0,4.5669456371693834e-14
19.8637,99.99964928833695,0.9999964928833696,0.00035305731453973274,3.7372754479187806e-06,0.0,3.5274053124841916e-11,0.0,1.4515891542323732e-11,0.0,4.428285959613993e-12,0.0,6.667820111948825e-13,0.0,5.186586193021261e-14
19.9118,99.99964928834662,0.9999964928834661,0.0003530573140123131,3.6048671909513503e-06,0.0,2.9100251488530964e-11,0.0,1.1975324117438984e-11,0.0,3.695137632842027e-12,0.0,4.60881664725178e-13,0.0,4.742315931051314e-14
19.9599,99.99964928835432,0.9999964928835432,0.0003530573134862841,3.477149924864792e-06,0.0,2.400862965512054e-11,0.0,9.880037099706998e-12,0.0,3.0349988691167393e-12,0.0,6.188042596733821e-13,0.0,2.756669843352715e-14
20.008,99.99964929266936,0.9999964929266936,0.0003530573129615919,3.354316379085109e-06,8.440859242496714e-09,0.0,1.4247549369011711e-08,0.0,0.0,1.7755761875022053e-09,0.0,3.7843195710497947e-13,0.0,3.5945200726650735e-14
20.0561,99.99964930151737,0.9999964930151737,0.0003530573124382506,3.2362250110176295e-06,2.8505636917346754e-08,0.0,4.811554010629489e-08,0.0,0.0,5.414185225407309e-09,0.0,1.4416512484773323e-13,0.0,5.089146412293862e-14
20.1042,99.9996492989901,0.9999964929899009,0.0003530573119163588,3.1213959385091e-06,2.990498559147152e-08,0.0,5.047758251159479e-08,0.0,0.0,4.371968214815553e-09,0.0,1.8100756150113625e-14,0.0,5.2037971160455126e-14
20.1523,99.99964928307334,0.9999964928307334,0.0003530573113959484,3.00951220313967e-06,2.2128286845882154e-09,0.0,3.73516922274455e-09,2.6184453397875815e-10,0.0,0.0,0.0,2.147682314025404e-15,0.0,3.392447200920984e-14
20.2004,99.99964926703761,0.9999964926703762,0.00035305731087697883,2.9015356227788433e-06,0.0,4.2528427679352124e-08,0.0,8.79609412169255e-08,0.0,0.0,0.0,5.507911950401491e-14,0.0,4.188576026695334e-15
20.2485,99.99964927943817,0.9999964927943817,0.0003530573103593372,2.799706791585469e-06,0.0,6.996642324455456e-08,0.0,1.249294649234654e-07,0.0,0.0,0.0,9.253266874724889e-14,0.0,0.0
20.2966,99.99964932798261,0.9999964932798261,0.0003530573098441666,2.704483765984799e-06,0.0,5.8968695062295034e-08,0.0,7.574720539733042e-08,0.0,1.0872389663393572e-08,0.0,1.0156189520201487e-10,0.0,2.2232299144007285e-12
20.3447,99.9996493657216,0.999996493657216,0.0003530573093341146,2.61175271459623e-06,0.0,4.8648635194565335e-08,0.0,4.6741259214532575e-08,0.0,1.2096230875168937e-08,0.0,4.6350268350270886e-10,0.0,3.4635909881612024e-12
20.3928,99.99964939248717,0.9999964939248717,0.0003530573088460684,2.521408614782825e-06,0.0,4.013458813180212e-08,0.0,3.032098992520053e-08,0.0,1.0223296703460201e-08,0.0,4.935624553245479e-10,0.0,1.5048361114144704e-11
20.4409,99.99964941157255,0.9999964941157254,0.00035305730838496166,2.4336374878252435e-06,0.0,3.311061204108325e-08,0.0,2.0775449405597528e-08,0.0,7.73548167047078e-09,0.0,4.581892721759298e-10,0.0,2.2317906239547838e-11
20.489,99.99964942530724,0.9999964942530724,0.0003530573079390438,2.348538518992471e-06,0.0,2.7315942472601165e-08,0.0,1.4947094221702164e-08,0.0,5.6933013485589374e-09,0.0,3.85285094248613e-10,0.0,2.5678918736814773e-11
20.5371,99.9996494354152,0.9999964943541519,0.00035305730749898406,2.266158047367237e-06,0.0,2.2535339619237904e-08,0.0,1.1187128152713415e-08,0.0,4.203857316432608e-09,0.0,3.070601988911228e-10,0.0,2.588710711536849e-11
20.5852,99.99964944304132,0.9999964944304132,0.00035305730705790015,2.1864933634465603e-06,0.0,1.8591329706792243e-08,0.0,8.635348778902935e-09,0.0,3.1435456218122e-09,0.0,2.3876172560306863e-10,0.0,2.4094240650758972e-11
20.6333,99.99964944892895,0.9999964944892895,0.00035305730661187916,2.1095090843176295e-06,0.0,1.5337315927052148e-08,0.0,6.7958831752340546e-09,0.0,2.4068788283058897e-09,0.0,1.8402781835996153e-10,0.0,2.128560272125873e-11
20.6814,99.99964945352994,0.9999964945352994,0.00035305730615917813,2.03514683894672e-06,0.0,1.2653534704810774e-08,0.0,5.4896483816045895e-09,0.0,1.8416141109537315e-09,0.0,1.4129381574034526e-10,0.0,1.8252300894623716e-11
20.7295,99.99964945720602,0.9999964945720602,0.00035305730569969206,1.9633436727334144e-06,0.0,1.0438982655951356e-08,0.0,4.447228963019938e-09,0.0,1.4578825502123177e-09,0.0,1.0885686234504823e-10,0.0,1.527236042845174e-11
20.7776,99.99964946017329,0.9999964946017329,0.0003530573052339621,1.8940265108107122e-06,0.0,8.611964131114855e-09,0.0,3.619856052396932e-09,0.0,1.17153547221402e-09,0.0,8.498527245533256e-11,0.0,1.2569290416223757e-11
20.8257,99.99964946257877,0.9999964946257878,0.0003530573047630521,1.8271192128725344e-06,0.0,7.105037446548046e-09,0.0,2.969809598657569e-09,0.0,9.42769995220891e-10,0.0,6.757884939746017e-11,0.0,1.0205913601659004e-11
20.8737,99.99964946455187,0.9999964946455187,0.00035305730428757435,1.7625470914625318e-06,0.0,5.860539231310131e-09,0.0,2.4265982441257886e-09,0.0,7.753612353553742e-10,0.0,5.13801784273683e-11,0.0,8.395703503426209e-12
20.9218,99.99964946616981,0.9999964946616982,0.00035305730380875554,1.7002336960514188e-06,0.0,4.8334820154340636e-09,0.0,1.9823556618118348e-09,0.0,6.418857038198817e-10,0.0,3.971564116287537e-11,0.0,6.869226910908967e-12
20.9699,99.99964946748364,0.9999964946748363,0.0003530573033274066,1.6401030811132748e-06,0.0,3.988037752803917e-09,0.0,1.6401611370418522e-09,0.0,5.18716534710133e-10,0.0,3.8267425808693223e-11,0.0,5.293325829404858e-12
21.018,99.9996494685537,0.999996494685537,0.0003530573028440424,1.5820828244361678e-06,0.0,3.291883517509155e-09,0.0,1.3743608630063413e-09,0.0,4.0912841833021507e-10,0.0,4.112876879738049e-11,0.0,3.890162354526007e-12
21.0661,99.99964946944287,0.9999964946944288,0.0003530573023589314,1.5261034088493987e-06,0.0,2.7163078497361247e-09,0.0,1.1355107669669556e-09,0.0,3.4422121052210993e-10,0.0,3.179569473043122e-11,0.0,3.378353985866475e-12
21.1142,99.99964947015536,0.9999964947015536,0.00035305730187319256,1.4720927094517366e-06,0.0,2.240217322716749e-09,0.0,9.309812669768194e-10,0.0,3.2863322938694284e-10,0.0,1.5552024472591654e-11,0.0,3.3323817696700963e-12
21.1623,99.99964947076877,0.9999964947076877,0.00035305730138823814,1.4199875777489856e-06,0.0,1.8479242003345518e-09,0.0,7.629665582024638e-10,0.0,2.7843467065226196e-10,0.0,1.3266287426317125e-11,0.0,2.7120201308030307e-12
21.2104,99.9996494713201,0.999996494713201,0.0003530573009041164,1.3697236954736266e-06,0.0,1.525091142854378e-09,0.0,6.240224424016521e-10,0.0,1.7787339120419858e-10,0.0,2.545496844632227e-11,0.0,1.5259705634813877e-12
21.2585,99.99964947176953,0.9999964947176953,0.0003530573004194524,1.3212323526028206e-06,0.0,1.2588288804159799e-09,0.0,5.120678763955985e-10,0.0,1.0121391833557374e-10,0.0,3.1592142232091066e-11,0.0,8.24815197686164e-13
21.3066,99.99964947203406,0.9999964947203407,0.00035305729993267634,1.2744432922339903e-06,0.0,1.0382548550144521e-09,0.0,4.260636651038564e-10,0.0,1.6054275829608258e-10,0.0,1.3637276584804051e-11,0.0,1.5006330181454289e-12
21.3547,99.9996494722336,0.999996494722336,0.0003530572994471833,1.22930634131736e-06,0.0,8.561149970638422e-10,0.0,3.5519311275472386e-10,0.0,2.272217420196498e-10,0.0,0.0,0.0,1.9338534017068854e-12
21.4028,99.99964947250285,0.9999964947250285,0.0003530572989656405,1.1857748293521285e-06,0.0,7.062934243971251e-10,0.0,2.926645348950495e-10,0.0,1.7072296835670485e-10,0.0,7.80732047691362e-15,0.0,1.5166765159303915e-12
21.4509,99.9996494728376,0.999996494728376,0.0003530572984873908,1.1437917499735295e-06,0.0,5.831415107553566e-10,0.0,2.371629327678653e-10,0.0,5.405948040883697e-12,0.0,1.0245901842073184e-11,0.0,4.898010266639648e-13
21.499,99.99964947309394,0.9999964947309394,0.00035305729800845243,1.10328968487381e-06,0.0,4.814827283224394e-10,0.0,1.9278418526024954e-10,0.0,0.0,0.0,1.4999231226074105e-11,0.0,0.0
21.5471,99.99964947318443,0.9999964947318444,0.0003530572975262641,1.0642082631724793e-06,0.0,3.9710149967473306e-10,0.0,1.6261367892352064e-10,0.0,0.0,0.0,6.821441622716345e-12,0.0,3.7777377350213164e-13
21.5952,99.99964947325512,0.9999964947325511,0.0003530572970456187,1.0265098289477457e-06,0.0,3.2744253478318353e-10,0.0,1.3749038331145113e-10,0.0,0.0,0.0,1.6256893416339613e-12,0.0,6.504221933818382e-13
21.6433,99.99964947331351,0.9999964947331351,0.0003530572965678833,9.901460995988162e-07,0.0,2.701518598230572e-10,0.0,1.128247837027599e-10,0.0,0.0,0.0,0.0,0.0,5.378143805272864e-13
21.6914,99.99964947336379,0.9999964947336379,0.00035305729609265977,9.550701062075637e-07,0.0,2.2305508234356052e-10,0.0,8.893215691850405e-11,0.0,0.0,0.0,0.0,0.0,1.4164276049858644e-13
21.7395,99.99964947340844,0.9999964947340844,0.00035305729561782063,9.212363459535864e-07,0.0,1.8416044120221118e-10,0.0,7.099452240520649e-11,0.0,1.1488393580656518e-11,0.0,0.0,0.0,0.0
21.7876,99.99964947344894,0.9999964947344894,0.00035305729514248314,8.886009021487594e-07,0.0,1.5192985451451985e-10,0.0,6.006015495221992e-11,0.0,1.3746284397044831e-11,0.0,0.0,0.0,0.0
21.8357,99.99964947348548,0.9999964947348547,0.0003530572946684103,8.571213871209314e-07,0.0,1.2534145287487868e-10,0.0,5.0281999833505724e-11,0.0,1.3137266938778242e-11,0.0,0.0,0.0,0.0
21.8838,99.99964947351678,0.9999964947351678,0.0003530572941956025,8.267567392366778e-07,0.0,1.0340481105914253e-10,0.0,4.188676769333013e-11,0.0,1.1841867181267359e-11,0.0,2.598856644157831e-13,0.0,0.0
21.9319,99.99964947354351,0.9999964947354352,0.00035305729372405635,7.9746751611357e-07,0.0,8.530847868574185e-11,0.0,3.475536614989882e-11,0.0,1.0207088656074015e-11,0.0,3.8609833861604637e-13,0.0,0.0
21.98,99.9996494735657,0.999996494735657,0.0003530572932537685,7.69215604767265e-07,0.0,7.036979758755761e-11,0.0,2.882283685680118e-11,0.0,8.834332433845812e-12,0.0,4.261468233410071e-13,0.0,0.0
22.0281,99.99964947358421,0.9999964947358422,0.0003530572927847356,7.419643390604412e-07,0.0,5.8044347256340896e-11,0.0,2.3878953855184058e-11,0.0,7.587303296542213e-12,0.0,4.1897788102984403e-13,0.0,0.0
22.0762,99.99964947360013,0.9999964947360013,0.00035305729231695427,7.156783775474408e-07,0.0,4.789282434794383e-11,0.0,1.9672103852390868e-11,0.0,6.069613407667898e-12,0.0,3.5974642032544677e-13,0.0,0.0
22.1242,99.99964947361352,0.9999964947361352,0.00035305729185042115,6.903235046866202e-07,0.0,3.9524882804151216e-11,0.0,1.61499691164641e-11,0.0,4.641293218258061e-12,0.0,2.830281934415166e-13,0.0,0.0
22.1723,99.99964947362385,0.9999964947362385,0.000353057291385133,6.658666661846533e-07,0.0,3.260598599399946e-11,0.0,1.3360976569490142e-11,0.0,4.05638241794144e-12,0.0,2.2967749105233603e-13,0.0,0.0
22.2204,99.99964947363233,0.9999964947363233,0.0003530572909210864,6.422761600595269e-07,0.0,2.6894354502835808e-11,0.0,1.1062132102877155e-11,0.0,3.619003171271308e-12,0.0,1.8520656796488475e-13,0.0,0.0
22.2685,99.99964947363974,0.9999964947363974,0.00035305729045827813,6.195213796087547e-07,0.0,2.218959806212805e-11,0.0,9.122705718724653e-12,0.0,2.8620051051042713e-12,0.0,1.829806225097977e-13,0.0,0.0
22.3166,99.99964947364606,0.9999964947364606,0.0003530572899967048,5.97572703493651e-07,0.0,1.831262054794843e-11,0.0,7.497734476093366e-12,0.0,2.0167469803048524e-12,0.0,1.9367567482482806e-13,0.0,0.0
22.3647,99.99964948771517,0.9999964948771517,0.00035305728953636433,5.775735114130177e-07,2.3674179935225705e-08,0.0,3.990768099306246e-08,0.0,0.0,1.0759171460424519e-08,0.0,1.0701570649349361e-13,0.0,0.0
22.4128,99.99964954234353,0.9999964954234354,0.0003530572890772529,5.617042366154762e-07,1.237498515545434e-07,0.0,2.0860590263133796e-07,0.0,0.0,5.254046620437697e-08,0.0,0.0,0.0,0.0
22.4609,99.99964956413675,0.9999964956413675,0.0003530572886193562,5.438222513129967e-07,1.8506764158998568e-07,0.0,3.119697815574533e-07,0.0,0.0,6.920860341563806e-08,0.0,0.0,0.0,0.0
22.509,99.99964951691601,0.9999964951691601,0.00035305728816266576,5.208870857948869e-07,1.3539812201880543e-07,0.0,2.282417225194318e-07,0.0,0.0,3.3090700333586005e-08,0.0,0.0,0.0,0.0
22.5571,99.99964941697705,0.9999964941697705,0.0003530572877071804,4.94231978447669e-07,0.0,2.993152050972122e-08,0.0,9.333417754879158e-08,1.9950247819210124e-08,0.0,0.0,2.2327490144668888e-14,0.0,0.0
22.6052,99.99964933309019,0.9999964933309019,0.00035305728725290635,4.695638757550704e-07,0.0,2.4792829501602367e-07,0.0,5.244806536100661e-07,4.9968309228071433e-08,0.0,0.0,3.1733131318511353e-13,0.0,0.0
22.6533,99.99964938650027,0.9999964938650027,0.0003530572867998571,4.569634322980295e-07,0.0,3.8854649482928587e-07,0.0,7.213019903698027e-07,3.1388595123379974e-08,0.0,0.0,4.492262219274859e-13,0.0,0.0
22.7014,99.99964965100983,0.9999964965100984,0.0003530572863498245,4.6238042799670346e-07,0.0,3.397409312838663e-07,0.0,4.6224954286653057e-07,0.0,5.796668991663924e-08,1.1191784870448555e-07,0.0,0.0,0.0
22.7495,99.99965011944643,0.9999965011944643,0.00035305729440599084,4.844600290576435e-07,0.0,2.802826655453301e-07,0.0,2.8203082267409763e-07,0.0,7.154260410380074e-08,0.0,5.260201661749555e-07,0.0,1.2356828405936592e-08
22.7976,99.99965053387822,0.9999965053387823,0.0003530573240442252,5.010815620040818e-07,0.0,2.3120844585547015e-07,0.0,1.7186554789295114e-07,0.0,7.739862784826624e-08,0.0,2.578203189895428e-07,0.0,1.9385235187025527e-08
22.8457,99.99965078333085,0.9999965078333085,0.0003530573444508479,5.034094165913171e-07,0.0,1.9067421333738792e-07,0.0,8.93334811438332e-08,0.0,1.1299766668614555e-07,0.0,9.21887127419066e-08,0.0,2.300480062401761e-08
22.8938,99.99965093979604,0.9999965093979604,0.00035305738581028345,4.982852492497108e-07,0.0,1.5729347263195683e-07,0.0,7.436283143520583e-08,0.0,8.59320267462473e-08,0.0,1.4828178302918982e-08,0.0,1.9269559321073214e-08
22.9419,99.99965104802664,0.9999965104802664,0.0003530574471683458,4.897738942281666e-07,0.0,1.2982948811263877e-07,0.0,1.1290915989430279e-07,0.0,0.0,0.0,2.3584549499382185e-09,0.0,9.451081370278808e-09
22.99,99.99965112762587,0.9999965112762587,0.00035305748754539413,4.792429658670134e-07,0.0,1.0716640147900369e-07,0.0,1.240895901414016e-07,0.0,0.0,0.0,9.810554609737942e-09,0.0,1.9399765720766543e-09
23.0381,99.99965117935643,0.9999965117935643,0.00035305748604206477,4.6649421619374914e-07,0.0,8.841147631708481e-08,0.0,7.79901162989946e-08,0.0,0.0,0.0,5.029836143357722e-09,0.0,1.4302725507286541e-09
23.0862,99.9996512119246,0.999996512119246,0.00035305748313104845,4.5262870304930934e-07,0.0,7.293854161716123e-08,0.0,5.154887720843213e-08,0.0,0.0,0.0,2.5486129322726642e-09,0.0,1.0343518643791147e-09
23.1343,99.99965123360542,0.9999965123360542,0.00035305747929695964,4.383647934719942e-07,0.0,6.017358091734635e-08,0.0,3.591353309089205e-08,0.0,0.0,0.0,1.2922975654345448e-09,0.0,7.27851658526066e-10
23.1824,99.99965124882948,0.9999965124882948,0.00035305747477175386,4.2407874791138864e-07,0.0,4.964244546770912e-08,0.0,2.617389963655327e-08,0.0,0.0,0.0,6.522835340620405e-10,0.0,5.030996649385979e-10
23.2305,99.99965125989979,0.9999965125989979,0.0003530574697493709,4.099591374412684e-07,0.0,4.095461264778253e-08,0.0,1.984581422093194e-08,0.0,0.0,0.0,3.806591498100082e-10,0.0,3.4139999097765463e-10
23.2786,99.99965126838579,0.9999965126838579,0.0003530574643855241,3.961286032381243e-07,0.0,3.378707040203659e-08,0.0,1.544741283646379e-08,0.0,0.0,0.0,1.9770848988813592e-10,0.0,2.315366227028088e-10
23.3267,99.99965127499057,0.9999965127499056,0.00035305745879184424,3.8263426130086693e-07,0.0,2.7873883605429853e-08,0.0,1.226813523918991e-08,0.0,0.0,0.0,1.0982634797131671e-10,0.0,1.557293413806766e-10
23.3747,99.99965128026393,0.9999965128026393,0.0003530574530480675,3.695092222453702e-07,0.0,2.2995190724575048e-08,0.0,9.856598454793661e-09,0.0,0.0,0.0,5.2095911081411056e-11,0.0,1.0454593341499637e-10
23.4228,99.99965128444028,0.9999965128444027,0.0003530574472037808,3.567592403310606e-07,0.0,1.8971384225516475e-08,0.0,8.035722555085829e-09,0.0,0.0,0.0,5.184371679839642e-11,0.0,6.893228344240024e-11
23.4709,99.99965128788192,0.9999965128788192,0.00035305744129976896,3.44401019730758e-07,0.0,1.565108897583875e-08,0.0,6.5621310498939975e-09,0.0,0.0,0.0,2.8963941452941255e-11,0.0,4.626765057458096e-11
23.519,99.99965129069182,0.9999965129069182,0.0003530574353621706,3.324289887536008e-07,0.0,1.2911889154261334e-08,0.0,5.374752438601254e-09,0.0,0.0,0.0,1.6106099887643056e-11,0.0,3.091761427665145e-11
23.5671,99.99965129297854,0.9999965129297854,0.00035305742940594856,3.2083828126270416e-07,0.0,1.065253438146762e-08,0.0,4.4205288737581135e-09,0.0,0.0,0.0,1.653687618628366e-11,0.0,2.0379714232015588e-11
23.6152,99.99965129487006,0.9999965129487006,0.00035305742344358753,3.09625933095623e-07,0.0,8.788214560413708e-09,0.0,3.6356070393685167e-09,0.0,0.0,0.0,8.487744075317743e-12,0.0,1.3717510453562242e-11
23.6633,99.99965129642268,0.9999965129642269,0.000353057417482434,2.9878310757404347e-07,0.0,7.25020508079569e-09,0.0,2.99354467475215e-09,0.0,0.0,0.0,4.870916403357563e-12,0.0,9.166802130410786e-12
23.7114,99.99965129770035,0.9999965129770035,0.00035305741152727243,2.883019449966329e-07,0.0,5.981332913513599e-09,0.0,2.466570839534406e-09,0.0,0.0,0.0,2.5135440459766288e-12,0.0,6.1213052471289655e-12
23.7595,99.99965129875177,0.9999965129875177,0.000353057405581494,2.781736201236703e-07,0.0,4.9342108905328426e-09,0.0,2.0340843354934766e-09,0.0,0.0,0.0,1.3890575373469162e-12,0.0,4.044831631505372e-12
23.8076,99.99965129961669,0.9999965129961669,0.00035305739964831877,2.683889067851304e-07,0.0,4.067816609567888e-09,0.0,1.6831061500953415e-09,0.0,0.0,0.0,4.973857819964083e-13,0.0,2.4737767266739245e-12
23.8557,99.99965130033175,0.9999965130033175,0.0003530573937268461,2.5893858942164774e-07,0.0,3.3539066238723057e-09,0.0,1.389750610541685e-09,0.0,0.0,0.0,0.0,0.0,1.536553583447164e-12
23.9038,99.99965130092583,0.9999965130092583,0.00035305738781693275,2.4981316172960577e-07,0.0,2.767886985227682e-09,0.0,1.1379208032833305e-09,0.0,0.0,0.0,0.0,0.0,1.2516615920511336e-12
23.9519,99.99965130141815,0.9999965130141816,0.00035305738192037124,2.410026961356898e-07,0.0,2.2866497057093462e-09,0.0,9.241635564268856e-10,0.0,0.0,0.0,0.0,0.0,1.3366187348175669e-12
24.0,99.99965130181823,0.9999965130181824,0.00035305737604088993,2.3249684379688934e-07,0.0,1.888572757686503e-09,0.0,7.576694397348011e-10,0.0,0.0,0.0,0.0,0.0,1.2079615861838136e-12
